439821,pierre carlo grey full sleeves men coats,http://www.yebhi.com/online-shopping/men/apparels.html?affint=men-topmenu,3599,Clothing,coats-and-jackets,pierre-carlo,http://im6.ybndc.com/upload/439821/ProductRear635253987714422000.jpg,3999,,Men,http://www.yebhi.com/439821/PD/pierre-carlo-grey-full-sleeves-men-coats.htm,yebhi.com,Pierre Carlo Grey Full Sleeves Men - Coats Buy Online,Pierre Carlo Grey Full Sleeves Men - Coats  Best Price Rs 3599.00 Best Discount 10% Off EMI Rs 600 for 6 months FREE Shipping in 2 Days,LXLXXL,<div class="product_detail_columns tinyscrl" itemprop="description" style=""><div class="scrollbar" style="width:2px; height:250px; background:#9E9E9E;"><div class="track" style="width:2px;"><div class="thumb" style="width:6px;"><div class="end"> </div></div></div></div><div class="viewport" style=" height:250px; width:252px; font-family:Arial !important;"><div class="overview" style="text-align:justify; display:block;"><div>SEMI LONG COAT IN TWEED </div></div></div> </div>,,16:04:2014,
439826,pierre carlo black full sleeves men coats,http://www.yebhi.com/online-shopping/men/apparels.html?affint=men-topmenu,3599,Clothing,coats-and-jackets,pierre-carlo,http://im6.ybndc.com/upload/439826/ProductRear635253968042510000.jpg,3999,,Men,http://www.yebhi.com/439826/PD/pierre-carlo-black-full-sleeves-men-coats.htm,yebhi.com,Pierre Carlo Black Full Sleeves Men - Coats Buy Online,Pierre Carlo Black Full Sleeves Men - Coats  Best Price Rs 3599.00 Best Discount 10% Off EMI Rs 600 for 6 months FREE Shipping in 2 Days,LXLXXL,<div class="product_detail_columns tinyscrl" itemprop="description" style=""><div class="scrollbar" style="width:2px; height:250px; background:#9E9E9E;"><div class="track" style="width:2px;"><div class="thumb" style="width:6px;"><div class="end"> </div></div></div></div><div class="viewport" style=" height:250px; width:252px; font-family:Arial !important;"><div class="overview" style="text-align:justify; display:block;"><div>SEMI LONG COAT IN TWEED </div></div></div> </div>,,16:04:2014,
419894,pierre carlo brown full sleeves cotton men jackets,http://www.yebhi.com/online-shopping/men/apparels.html?affint=men-topmenu,2699,Clothing,coats-and-jackets,pierre-carlo,http://im6.ybndc.com/upload/419894/ProductRear635213309769464458.jpg,2999,,Men,http://www.yebhi.com/419894/PD/pierre-carlo-brown-full-sleeves-cotton-men-jackets.htm,yebhi.com,Pierre Carlo Brown Full Sleeves Cotton Men - Jackets Buy Online,Pierre Carlo Brown Full Sleeves Cotton Men - Jackets  Best Price Rs 2699.00 Best Discount 10% Off EMI Rs 450 for 6 months FREE Shipping in 2 Days,LXLXXL,<div class="product_detail_columns tinyscrl" itemprop="description" style=""><div class="scrollbar" style="width:2px; height:250px; background:#9E9E9E;"><div class="track" style="width:2px;"><div class="thumb" style="width:6px;"><div class="end"> </div></div></div></div><div class="viewport" style=" height:250px; width:252px; font-family:Arial !important;"><div class="overview" style="text-align:justify; display:block;"><div>This <b> jacket </b> from Pierre Carlo features full sleeves  multiple pockets and a collared neck with zipper closure. In <b> brown colour</b>  it is crafted from <b> cotton material.</b><br/><br/><b>Features</b><br/><ul style="margin-left: 20px;"><li type="disc"> <b>Brand:</b> Pierre Carlo<br/></li><li type="disc"> <b>Category:</b> Coats &amp; Jacket<br/></li><li type="disc"> <b>Type:</b> Jacket<br/></li><li type="disc"><b>Material:</b> Cotton <br/></li><li type="disc"><b>Colour:</b> Brown <br/></li><li type="disc"><b>Pattern:</b> Solid<br/></li><li type="disc"><b>Sleeves:</b> Full sleeves <br/></li><li type="disc"><b>Neck:</b> Collared neck <br/></li><li type="disc"><b>Style:</b> Casual</li></ul><br/><br/><b>Care Tips</b><br/>  Do not bleach or dry clean.Wash with like colours.Line dry.Warm iron. <b>Note:</b>  There may be a slight colour variation in the image from original product. </div></div></div> </div>,,16:04:2014,
419918,pierre carlo brown full sleeves cotton men jackets,http://www.yebhi.com/online-shopping/men/apparels.html?affint=men-topmenu,2609,Clothing,coats-and-jackets,pierre-carlo,http://im6.ybndc.com/upload/419918/ProductRear635213391887142850.jpg,2899,,Men,http://www.yebhi.com/419918/PD/pierre-carlo-brown-full-sleeves-cotton-men-jackets.htm,yebhi.com,Pierre Carlo Brown Full Sleeves Cotton Men - Jackets Buy Online,Pierre Carlo Brown Full Sleeves Cotton Men - Jackets  Best Price Rs 2609.00 Best Discount 10% Off EMI Rs 435 for 6 months FREE Shipping in 2 Days,LXLXXL,<div class="product_detail_columns tinyscrl" itemprop="description" style=""><div class="scrollbar" style="width:2px; height:250px; background:#9E9E9E;"><div class="track" style="width:2px;"><div class="thumb" style="width:6px;"><div class="end"> </div></div></div></div><div class="viewport" style=" height:250px; width:252px; font-family:Arial !important;"><div class="overview" style="text-align:justify; display:block;"><div>This <b> reversible jacket </b> from Pierre Carlo features full sleeves and a high neck with zipper closure. In <b> brown and green colours</b>  it is crafted from <b> cotton material.</b><br/><br/><b>Features</b><br/><ul style="margin-left: 20px;"><li type="disc"> <b>Brand:</b> Pierre Carlo<br/></li><li type="disc"> <b>Category:</b> Coats &amp; Jacket<br/></li><li type="disc"> <b>Type:</b> Jacket<br/></li><li type="disc"><b>Material:</b> Cotton <br/></li><li type="disc"><b>Colour:</b> Brown  Green <br/></li><li type="disc"><b>Pattern:</b> Solid  Checked pattern<br/></li><li type="disc"><b>Sleeves:</b> Full sleeves <br/></li><li type="disc"><b>Neck:</b> High neck <br/></li><li type="disc"><b>Style:</b> Casual</li></ul><br/><br/><b>Care Tips</b><br/>  Do not bleach or dry clean.Wash with like colours.Line dry.Warm iron. <b>Note:</b>  There may be a slight colour variation in the image from original product. </div></div></div> </div>,,16:04:2014,
419913,pierre carlo grey full sleeves men coats,http://www.yebhi.com/online-shopping/men/apparels.html?affint=men-topmenu,3329,Clothing,coats-and-jackets,pierre-carlo,http://im6.ybndc.com/upload/419913/ProductRear635253919051948000.jpg,3699,,Men,http://www.yebhi.com/419913/PD/pierre-carlo-grey-full-sleeves-men-coats.htm,yebhi.com,Pierre Carlo Grey Full Sleeves Men - Coats Buy Online,Pierre Carlo Grey Full Sleeves Men - Coats  Best Price Rs 3329.00 Best Discount 10% Off EMI Rs 555 for 6 months FREE Shipping in 2 Days,LXLXXL,<div class="product_detail_columns tinyscrl" itemprop="description" style=""><div class="scrollbar" style="width:2px; height:250px; background:#9E9E9E;"><div class="track" style="width:2px;"><div class="thumb" style="width:6px;"><div class="end"> </div></div></div></div><div class="viewport" style=" height:250px; width:252px; font-family:Arial !important;"><div class="overview" style="text-align:justify; display:block;"><div>SEMI LONG COAT IN TWEED </div></div></div> </div>,,16:04:2014,
439827,pierre carlo grey full sleeves men coats,http://www.yebhi.com/online-shopping/men/apparels.html?affint=men-topmenu,3599,Clothing,coats-and-jackets,pierre-carlo,http://im6.ybndc.com/upload/439827/ProductRear635253924953428000.jpg,3999,,Men,http://www.yebhi.com/439827/PD/pierre-carlo-grey-full-sleeves-men-coats.htm,yebhi.com,Pierre Carlo Grey Full Sleeves Men - Coats Buy Online,Pierre Carlo Grey Full Sleeves Men - Coats  Best Price Rs 3599.00 Best Discount 10% Off EMI Rs 600 for 6 months FREE Shipping in 2 Days,LXLXXL,<div class="product_detail_columns tinyscrl" itemprop="description" style=""><div class="scrollbar" style="width:2px; height:250px; background:#9E9E9E;"><div class="track" style="width:2px;"><div class="thumb" style="width:6px;"><div class="end"> </div></div></div></div><div class="viewport" style=" height:250px; width:252px; font-family:Arial !important;"><div class="overview" style="text-align:justify; display:block;"><div>SEMI LONG COAT IN TWEED </div></div></div> </div>,,16:04:2014,
419890,pierre carlo grey sleeveless cotton men jackets,http://www.yebhi.com/online-shopping/men/apparels.html?affint=men-topmenu,2249,Clothing,coats-and-jackets,pierre-carlo,http://im6.ybndc.com/upload/419890/ProductRear635213445524654678.jpg,2499,,Men,http://www.yebhi.com/419890/PD/pierre-carlo-grey-sleeveless-cotton-men-jackets.htm,yebhi.com,Pierre Carlo Grey Sleeveless Cotton Men - Jackets Buy Online,Pierre Carlo Grey Sleeveless Cotton Men - Jackets  Best Price Rs 2249.00 Best Discount 10% Off EMI Rs 375 for 6 months FREE Shipping in 2 Days,MLXL,<div class="product_detail_columns tinyscrl" itemprop="description" style=""><div class="scrollbar" style="width:2px; height:250px; background:#9E9E9E;"><div class="track" style="width:2px;"><div class="thumb" style="width:6px;"><div class="end"> </div></div></div></div><div class="viewport" style=" height:250px; width:252px; font-family:Arial !important;"><div class="overview" style="text-align:justify; display:block;"><div>This <b> reversible jacket </b> with <b> checked pattern </b> features cut sleeves and a high neck with zipper closure. In <b> grey and black colours</b>  it is from the house of Pierre Carlo and is crafted from <b> cotton material.</b><br/><br/><b>Features</b><br/><ul style="margin-left: 20px;"><li type="disc"> <b>Brand:</b> Pierre Carlo<br/></li><li type="disc"> <b>Category:</b> Coats &amp; Jacket<br/></li><li type="disc"> <b>Type:</b> Jacket<br/></li><li type="disc"><b>Material:</b> Cotton <br/></li><li type="disc"><b>Colour:</b> Grey  Black <br/></li><li type="disc"><b>Pattern:</b> Checked pattern<br/></li><li type="disc"><b>Sleeves:</b> Cut sleeves <br/></li><li type="disc"><b>Neck:</b> High neck <br/></li><li type="disc"><b>Style:</b> Casual</li></ul><br/><br/><b>Care Tips</b><br/>  Do not bleach or dry clean.Wash with like colours.Line dry.Warm iron. <b>Note:</b>  There may be a slight colour variation in the image from original product. </div></div></div> </div>,,16:04:2014,
419899,pierre carlo red sleeveless cotton men jackets,http://www.yebhi.com/online-shopping/men/apparels.html?affint=men-topmenu,1979,Clothing,coats-and-jackets,pierre-carlo,http://im6.ybndc.com/upload/419899/ProductRear635213408841175529.jpg,2199,,Men,http://www.yebhi.com/419899/PD/pierre-carlo-red-sleeveless-cotton-men-jackets.htm,yebhi.com,Pierre Carlo Red Sleeveless Cotton Men - Jackets Buy Online,Pierre Carlo Red Sleeveless Cotton Men - Jackets  Best Price Rs 1979.00 Best Discount 10% Off EMI Rs 330 for 6 months FREE Shipping in 2 Days,LXLXXL,<div class="product_detail_columns tinyscrl" itemprop="description" style=""><div class="scrollbar" style="width:2px; height:250px; background:#9E9E9E;"><div class="track" style="width:2px;"><div class="thumb" style="width:6px;"><div class="end"> </div></div></div></div><div class="viewport" style=" height:250px; width:252px; font-family:Arial !important;"><div class="overview" style="text-align:justify; display:block;"><div>This <b> jacket </b> from Pierre Carlo features cut sleeves and a hooded neck with zipper closure. In <b> red colour</b>  it is crafted from <b> cotton material.</b><br/><br/><b>Features</b><br/><ul style="margin-left: 20px;"><li type="disc"> <b>Brand:</b> Pierre Carlo<br/></li><li type="disc"> <b>Category:</b> Coats &amp; Jacket<br/></li><li type="disc"> <b>Type:</b> Jacket<br/></li><li type="disc"><b>Material:</b> Cotton <br/></li><li type="disc"><b>Colour:</b> Red <br/></li><li type="disc"><b>Pattern:</b> Solid<br/></li><li type="disc"><b>Sleeves:</b> Cut sleeves <br/></li><li type="disc"><b>Neck:</b> Hooded neck <br/></li><li type="disc"><b>Style:</b> Casual</li></ul><br/><br/><b>Care Tips</b><br/>  Do not bleach or dry clean.Wash with like colours.Line dry.Warm iron. <b>Note:</b>  There may be a slight colour variation in the image from original product. </div></div></div> </div>,,16:04:2014,
419904,pierre carlo brown full sleeves cotton men jackets,http://www.yebhi.com/online-shopping/men/apparels.html?affint=men-topmenu,2429,Clothing,coats-and-jackets,pierre-carlo,http://im6.ybndc.com/upload/419904/ProductRear635213408072558602.jpg,2699,,Men,http://www.yebhi.com/419904/PD/pierre-carlo-brown-full-sleeves-cotton-men-jackets.htm,yebhi.com,Pierre Carlo Brown Full Sleeves Cotton Men - Jackets Buy Online,Pierre Carlo Brown Full Sleeves Cotton Men - Jackets  Best Price Rs 2429.00 Best Discount 10% Off EMI Rs 405 for 6 months FREE Shipping in 2 Days,L,<div class="product_detail_columns tinyscrl" itemprop="description" style=""><div class="scrollbar" style="width:2px; height:250px; background:#9E9E9E;"><div class="track" style="width:2px;"><div class="thumb" style="width:6px;"><div class="end"> </div></div></div></div><div class="viewport" style=" height:250px; width:252px; font-family:Arial !important;"><div class="overview" style="text-align:justify; display:block;"><div>This <b> jacket </b> from Pierre Carlo features full sleeves  multiple pockets and a high neck with zipper closure. In <b> brown colour</b>  it is crafted from <b> cotton material.</b><br/><br/><b>Features</b><br/><ul style="margin-left: 20px;"><li type="disc"> <b>Brand:</b> Pierre Carlo<br/></li><li type="disc"> <b>Category:</b> Coats &amp; Jacket<br/></li><li type="disc"> <b>Type:</b> Jacket<br/></li><li type="disc"><b>Material:</b> Cotton <br/></li><li type="disc"><b>Colour:</b> Brown <br/></li><li type="disc"><b>Pattern:</b> Solid<br/></li><li type="disc"><b>Sleeves:</b> Full sleeves <br/></li><li type="disc"><b>Neck:</b> High neck <br/></li><li type="disc"><b>Style:</b> Casual</li></ul><br/><br/><b>Care Tips</b><br/>  Do not bleach or dry clean.Wash with like colours.Line dry.Warm iron. <b>Note:</b>  There may be a slight colour variation in the image from original product. </div></div></div> </div>,,16:04:2014,
419909,pierre carlo black sleeveless cotton men jackets,http://www.yebhi.com/online-shopping/men/apparels.html?affint=men-topmenu,2024,Clothing,coats-and-jackets,pierre-carlo,http://im6.ybndc.com/upload/419909/ProductRear635213409981854841.jpg,2249,,Men,http://www.yebhi.com/419909/PD/pierre-carlo-black-sleeveless-cotton-men-jackets.htm,yebhi.com,Pierre Carlo Black Sleeveless Cotton Men - Jackets Buy Online,Pierre Carlo Black Sleeveless Cotton Men - Jackets  Best Price Rs 2024.00 Best Discount 10% Off EMI Rs 337 for 6 months FREE Shipping in 2 Days,ML,<div class="product_detail_columns tinyscrl" itemprop="description" style=""><div class="scrollbar" style="width:2px; height:250px; background:#9E9E9E;"><div class="track" style="width:2px;"><div class="thumb" style="width:6px;"><div class="end"> </div></div></div></div><div class="viewport" style=" height:250px; width:252px; font-family:Arial !important;"><div class="overview" style="text-align:justify; display:block;"><div>This <b> reversible jacket </b> from Pierre Carlo features cut sleeves and a hooded neck with zipper closure. In <b> black  colour</b>  it is crafted from <b> cotton material.</b><br/><br/><b>Features</b><br/><ul style="margin-left: 20px;"><li type="disc"> <b>Brand:</b> Pierre Carlo<br/></li><li type="disc"> <b>Category:</b> Coats &amp; Jacket<br/></li><li type="disc"> <b>Type:</b> Jacket<br/></li><li type="disc"><b>Material:</b> Cotton <br/></li><li type="disc"><b>Colour:</b> Black <br/></li><li type="disc"><b>Pattern:</b> Solid<br/></li><li type="disc"><b>Sleeves:</b> Cut sleeves <br/></li><li type="disc"><b>Neck:</b> Hooded neck <br/></li><li type="disc"><b>Style:</b> Casual</li></ul><br/><br/><b>Care Tips</b><br/>  Do not bleach or dry clean.Wash with like colours.Line dry.Warm iron. <b>Note:</b>  There may be a slight colour variation in the image from original product. </div></div></div> </div>,,16:04:2014,
419907,pierre carlo black full sleeves cotton men jackets,http://www.yebhi.com/online-shopping/men/apparels.html?affint=men-topmenu,2609,Clothing,coats-and-jackets,pierre-carlo,http://im6.ybndc.com/upload/419907/ProductRear635213391269846893.jpg,2899,,Men,http://www.yebhi.com/419907/PD/pierre-carlo-black-full-sleeves-cotton-men-jackets.htm,yebhi.com,Pierre Carlo Black Full Sleeves Cotton Men - Jackets Buy Online,Pierre Carlo Black Full Sleeves Cotton Men - Jackets  Best Price Rs 2609.00 Best Discount 10% Off EMI Rs 435 for 6 months FREE Shipping in 2 Days,L,<div class="product_detail_columns tinyscrl" itemprop="description" style=""><div class="scrollbar" style="width:2px; height:250px; background:#9E9E9E;"><div class="track" style="width:2px;"><div class="thumb" style="width:6px;"><div class="end"> </div></div></div></div><div class="viewport" style=" height:250px; width:252px; font-family:Arial !important;"><div class="overview" style="text-align:justify; display:block;"><div>This <b> reversible jacket </b> from Pierre Carlo features full sleeves and a high neck with zipper closure. In <b> black and blue colours</b>  it is crafted from <b> cotton material.</b><br/><br/><b>Features</b><br/><ul style="margin-left: 20px;"><li type="disc"> <b>Brand:</b> Pierre Carlo<br/></li><li type="disc"> <b>Category:</b> Coats &amp; Jacket<br/></li><li type="disc"> <b>Type:</b> Jacket<br/></li><li type="disc"><b>Material:</b> Cotton <br/></li><li type="disc"><b>Colour:</b> Black  Blue <br/></li><li type="disc"><b>Pattern:</b> Solid  Checked pattern<br/></li><li type="disc"><b>Sleeves:</b> Full sleeves <br/></li><li type="disc"><b>Neck:</b> High neck <br/></li><li type="disc"><b>Style:</b> Casual</li></ul><br/><br/><b>Care Tips</b><br/>  Do not bleach or dry clean.Wash with like colours.Line dry.Warm iron. <b>Note:</b>  There may be a slight colour variation in the image from original product. </div></div></div> </div>,,16:04:2014,
419895,pierre carlo brown full sleeves cotton men jackets,http://www.yebhi.com/online-shopping/men/apparels.html?affint=men-topmenu,2699,Clothing,coats-and-jackets,pierre-carlo,http://im6.ybndc.com/upload/419895/ProductRear635213405294180792.jpg,2999,,Men,http://www.yebhi.com/419895/PD/pierre-carlo-brown-full-sleeves-cotton-men-jackets.htm,yebhi.com,Pierre Carlo Brown Full Sleeves Cotton Men - Jackets Buy Online,Pierre Carlo Brown Full Sleeves Cotton Men - Jackets  Best Price Rs 2699.00 Best Discount 10% Off EMI Rs 450 for 6 months FREE Shipping in 2 Days,XLXXL,<div class="product_detail_columns tinyscrl" itemprop="description" style=""><div class="scrollbar" style="width:2px; height:250px; background:#9E9E9E;"><div class="track" style="width:2px;"><div class="thumb" style="width:6px;"><div class="end"> </div></div></div></div><div class="viewport" style=" height:250px; width:252px; font-family:Arial !important;"><div class="overview" style="text-align:justify; display:block;"><div>This <b> jacket </b> from Pierre Carlo features full sleeves  multiple pockets and a collared neck with zipper closure. In <b> brown colour</b>  it is crafted from <b> cotton material.</b><br/><br/><b>Features</b><br/><ul style="margin-left: 20px;"><li type="disc"> <b>Brand:</b> Pierre Carlo<br/></li><li type="disc"> <b>Category:</b> Coats &amp; Jacket<br/></li><li type="disc"> <b>Type:</b> Jacket<br/></li><li type="disc"><b>Material:</b> Cotton <br/></li><li type="disc"><b>Colour:</b> Brown <br/></li><li type="disc"><b>Pattern:</b> Solid<br/></li><li type="disc"><b>Sleeves:</b> Full sleeves <br/></li><li type="disc"><b>Neck:</b> Collared neck <br/></li><li type="disc"><b>Style:</b> Casual</li></ul><br/><br/><b>Care Tips</b><br/>  Do not bleach or dry clean.Wash with like colours.Line dry.Warm iron. <b>Note:</b>  There may be a slight colour variation in the image from original product. </div></div></div> </div>,,16:04:2014,
439823,pierre carlo grey full sleeves men coats,http://www.yebhi.com/online-shopping/men/apparels.html?affint=men-topmenu,3599,Clothing,coats-and-jackets,pierre-carlo,http://im6.ybndc.com/upload/439823/ProductRear635253922954600000.jpg,3999,,Men,http://www.yebhi.com/439823/PD/pierre-carlo-grey-full-sleeves-men-coats.htm,yebhi.com,Pierre Carlo Grey Full Sleeves Men - Coats Buy Online,Pierre Carlo Grey Full Sleeves Men - Coats  Best Price Rs 3599.00 Best Discount 10% Off EMI Rs 600 for 6 months FREE Shipping in 2 Days,LXL,<div class="product_detail_columns tinyscrl" itemprop="description" style=""><div class="scrollbar" style="width:2px; height:250px; background:#9E9E9E;"><div class="track" style="width:2px;"><div class="thumb" style="width:6px;"><div class="end"> </div></div></div></div><div class="viewport" style=" height:250px; width:252px; font-family:Arial !important;"><div class="overview" style="text-align:justify; display:block;"><div>SEMI LONG COAT IN TWEED </div></div></div> </div>,,16:04:2014,
439825,pierre carlo grey full sleeves men coats,http://www.yebhi.com/online-shopping/men/apparels.html?affint=men-topmenu,3599,Clothing,coats-and-jackets,pierre-carlo,http://im6.ybndc.com/upload/439825/ProductRear635253987950762000.jpg,3999,,Men,http://www.yebhi.com/439825/PD/pierre-carlo-grey-full-sleeves-men-coats.htm,yebhi.com,Pierre Carlo Grey Full Sleeves Men - Coats Buy Online,Pierre Carlo Grey Full Sleeves Men - Coats  Best Price Rs 3599.00 Best Discount 10% Off EMI Rs 600 for 6 months FREE Shipping in 2 Days,LXLXXL,<div class="product_detail_columns tinyscrl" itemprop="description" style=""><div class="scrollbar" style="width:2px; height:250px; background:#9E9E9E;"><div class="track" style="width:2px;"><div class="thumb" style="width:6px;"><div class="end"> </div></div></div></div><div class="viewport" style=" height:250px; width:252px; font-family:Arial !important;"><div class="overview" style="text-align:justify; display:block;"><div>LONG COAT IN TWEED </div></div></div> </div>,,16:04:2014,
419908,pierre carlo brown full sleeves cotton men jackets,http://www.yebhi.com/online-shopping/men/apparels.html?affint=men-topmenu,2609,Clothing,coats-and-jackets,pierre-carlo,http://im6.ybndc.com/upload/419908/ProductRear635213409621336530.jpg,2899,,Men,http://www.yebhi.com/419908/PD/pierre-carlo-brown-full-sleeves-cotton-men-jackets.htm,yebhi.com,Pierre Carlo Brown Full Sleeves Cotton Men - Jackets Buy Online,Pierre Carlo Brown Full Sleeves Cotton Men - Jackets  Best Price Rs 2609.00 Best Discount 10% Off EMI Rs 435 for 6 months FREE Shipping in 2 Days,L,<div class="product_detail_columns tinyscrl" itemprop="description" style=""><div class="scrollbar" style="width:2px; height:250px; background:#9E9E9E;"><div class="track" style="width:2px;"><div class="thumb" style="width:6px;"><div class="end"> </div></div></div></div><div class="viewport" style=" height:250px; width:252px; font-family:Arial !important;"><div class="overview" style="text-align:justify; display:block;"><div>This <b> reversible jacket </b> from Pierre Carlo features full sleeves and a high neck with zipper closure. In <b> brown and red colours</b>  it is crafted from <b> cotton material.</b><br/><br/><b>Features</b><br/><ul style="margin-left: 20px;"><li type="disc"> <b>Brand:</b> Pierre Carlo<br/></li><li type="disc"> <b>Category:</b> Coats &amp; Jacket<br/></li><li type="disc"> <b>Type:</b> Jacket<br/></li><li type="disc"><b>Material:</b> Cotton <br/></li><li type="disc"><b>Colour:</b> Brown  Red <br/></li><li type="disc"><b>Pattern:</b> Solid  Checked pattern<br/></li><li type="disc"><b>Sleeves:</b> Full sleeves <br/></li><li type="disc"><b>Neck:</b> High neck <br/></li><li type="disc"><b>Style:</b> Casual</li></ul><br/><br/><b>Care Tips</b><br/>  Do not bleach or dry clean.Wash with like colours.Line dry.Warm iron. <b>Note:</b>  There may be a slight colour variation in the image from original product. </div></div></div> </div>,,16:04:2014,
419891,pierre carlo brown full sleeves cotton men jackets,http://www.yebhi.com/online-shopping/men/apparels.html?affint=men-topmenu,2339,Clothing,coats-and-jackets,pierre-carlo,http://im6.ybndc.com/upload/419891/ProductRear635213295928119732.jpg,2599,,Men,http://www.yebhi.com/419891/PD/pierre-carlo-brown-full-sleeves-cotton-men-jackets.htm,yebhi.com,Pierre Carlo Brown Full Sleeves Cotton Men - Jackets Buy Online,Pierre Carlo Brown Full Sleeves Cotton Men - Jackets  Best Price Rs 2339.00 Best Discount 10% Off EMI Rs 390 for 6 months FREE Shipping in 2 Days,MLXL,<div class="product_detail_columns tinyscrl" itemprop="description" style=""><div class="scrollbar" style="width:2px; height:250px; background:#9E9E9E;"><div class="track" style="width:2px;"><div class="thumb" style="width:6px;"><div class="end"> </div></div></div></div><div class="viewport" style=" height:250px; width:252px; font-family:Arial !important;"><div class="overview" style="text-align:justify; display:block;"><div>This <b> jacket </b> from Pierre Carlo features full sleeves and a collared neck with zipper and snap button closure. In <b> brown colour</b>  it is crafted from <b> cotton material.</b><br/><br/><b>Features</b><br/><ul style="margin-left: 20px;"><li type="disc"> <b>Brand:</b> Pierre Carlo<br/></li><li type="disc"> <b>Category:</b> Coats &amp; Jacket<br/></li><li type="disc"> <b>Type:</b> Jacket<br/></li><li type="disc"><b>Material:</b> Cotton <br/></li><li type="disc"><b>Colour:</b> Brown <br/></li><li type="disc"><b>Pattern:</b> Solid<br/></li><li type="disc"><b>Sleeves:</b> Full sleeves <br/></li><li type="disc"><b>Neck:</b> Collared neck <br/></li><li type="disc"><b>Style:</b> Casual</li></ul><br/><br/><b>Care Tips</b><br/>  Do not bleach or dry clean.Wash with like colours.Line dry.Warm iron. <b>Note:</b>  There may be a slight colour variation in the image from original product. </div></div></div> </div>,,16:04:2014,
419914,pierre carlo black full sleeves men coats,http://www.yebhi.com/online-shopping/men/apparels.html?affint=men-topmenu,2834,Clothing,coats-and-jackets,pierre-carlo,http://im6.ybndc.com/upload/419914/ProductRear635213497527120025.jpg,3149,,Men,http://www.yebhi.com/419914/PD/pierre-carlo-black-full-sleeves-men-coats.htm,yebhi.com,Pierre Carlo Black Full Sleeves Men - Coats Buy Online,Pierre Carlo Black Full Sleeves Men - Coats  Best Price Rs 2834.00 Best Discount 10% Off EMI Rs 472 for 6 months FREE Shipping in 2 Days,LXL,<div class="product_detail_columns tinyscrl" itemprop="description" style=""><div class="scrollbar" style="width:2px; height:250px; background:#9E9E9E;"><div class="track" style="width:2px;"><div class="thumb" style="width:6px;"><div class="end"> </div></div></div></div><div class="viewport" style=" height:250px; width:252px; font-family:Arial !important;"><div class="overview" style="text-align:justify; display:block;"><div>This <b> double buttoned jacket </b> from Pierre Carlo features full sleeves  slit pockets and a collared neck with contrast grey detailing. In <b> black colour</b>  it is crafted from <b> tweed material.</b><br/><br/><b>Features</b><br/><ul style="margin-left: 20px;"><li type="disc"> <b>Brand:</b> Pierre Carlo<br/></li><li type="disc"> <b>Category:</b> Coats &amp; Jacket<br/></li><li type="disc"> <b>Type:</b> Jacket<br/></li><li type="disc"><b>Material:</b> Tweed <br/></li><li type="disc"><b>Colour:</b> Black <br/></li><li type="disc"><b>Pattern:</b> Solid<br/></li><li type="disc"><b>Sleeves:</b> Full sleeves <br/></li><li type="disc"><b>Neck:</b> Collared neck <br/></li><li type="disc"><b>Style:</b> Casual</li></ul><br/><br/><b>Care Tips</b><br/>  Dry Clean Only. <b>Note:</b>  There may be a slight colour variation in the image from original product. </div></div></div> </div>,,16:04:2014,
419888,pierre carlo brown full sleeves cotton men jackets,http://www.yebhi.com/online-shopping/men/apparels.html?affint=men-topmenu,2519,Clothing,coats-and-jackets,pierre-carlo,http://im6.ybndc.com/upload/419888/ProductRear635213507232878241.jpg,2799,,Men,http://www.yebhi.com/419888/PD/pierre-carlo-brown-full-sleeves-cotton-men-jackets.htm,yebhi.com,Pierre Carlo Brown Full Sleeves Cotton Men - Jackets Buy Online,Pierre Carlo Brown Full Sleeves Cotton Men - Jackets  Best Price Rs 2519.00 Best Discount 10% Off EMI Rs 420 for 6 months FREE Shipping in 2 Days,MLXLXXL,<div class="product_detail_columns tinyscrl" itemprop="description" style=""><div class="scrollbar" style="width:2px; height:250px; background:#9E9E9E;"><div class="track" style="width:2px;"><div class="thumb" style="width:6px;"><div class="end"> </div></div></div></div><div class="viewport" style=" height:250px; width:252px; font-family:Arial !important;"><div class="overview" style="text-align:justify; display:block;"><div>This <b> reversible jacket </b> with <b> checked pattern </b> features full sleeves and a collared neck with zipper closure. In <b> brown colour</b>  it is from the house of Pierre Carlo and is crafted from <b> tweed cotton material.</b><br/><br/><b>Features</b><br/><ul style="margin-left: 20px;"><li type="disc"> <b>Brand:</b> Pierre Carlo<br/></li><li type="disc"> <b>Category:</b> Coats &amp; Jacket<br/></li><li type="disc"> <b>Type:</b> Jacket<br/></li><li type="disc"><b>Material:</b> Tweed Cotton <br/></li><li type="disc"><b>Colour:</b> Brown <br/></li><li type="disc"><b>Pattern:</b> Checked pattern<br/></li><li type="disc"><b>Sleeves:</b> Full sleeves <br/></li><li type="disc"><b>Neck:</b> Collared neck <br/></li><li type="disc"><b>Style:</b> Casual</li></ul><br/><br/><b>Care Tips</b><br/>  Do not bleach or dry clean.Wash with like colours.Line dry.Warm iron. <b>Note:</b>  There may be a slight colour variation in the image from original product. </div></div></div> </div>,,16:04:2014,
419910,pierre carlo brown full sleeves cotton men jackets,http://www.yebhi.com/online-shopping/men/apparels.html?affint=men-topmenu,2429,Clothing,coats-and-jackets,pierre-carlo,http://im6.ybndc.com/upload/419910/ProductRear635213313501944384.jpg,2699,,Men,http://www.yebhi.com/419910/PD/pierre-carlo-brown-full-sleeves-cotton-men-jackets.htm,yebhi.com,Pierre Carlo Brown Full Sleeves Cotton Men - Jackets Buy Online,Pierre Carlo Brown Full Sleeves Cotton Men - Jackets  Best Price Rs 2429.00 Best Discount 10% Off EMI Rs 405 for 6 months FREE Shipping in 2 Days,MLXL,<div class="product_detail_columns tinyscrl" itemprop="description" style=""><div class="scrollbar" style="width:2px; height:250px; background:#9E9E9E;"><div class="track" style="width:2px;"><div class="thumb" style="width:6px;"><div class="end"> </div></div></div></div><div class="viewport" style=" height:250px; width:252px; font-family:Arial !important;"><div class="overview" style="text-align:justify; display:block;"><div>This <b> jacket </b> from Pierre Carlo features full sleeves  multiple pockets and a collared neck with zipper closure. In <b> brown colour</b>  it is crafted from <b> cotton material.</b><br/><br/><b>Features</b><br/><ul style="margin-left: 20px;"><li type="disc"> <b>Brand:</b> Pierre Carlo<br/></li><li type="disc"> <b>Category:</b> Coats &amp; Jacket<br/></li><li type="disc"> <b>Type:</b> Jacket<br/></li><li type="disc"><b>Material:</b> Cotton <br/></li><li type="disc"><b>Colour:</b> Brown <br/></li><li type="disc"><b>Pattern:</b> Solid<br/></li><li type="disc"><b>Sleeves:</b> Full sleeves <br/></li><li type="disc"><b>Neck:</b> Collared neck <br/></li><li type="disc"><b>Style:</b> Casual</li></ul><br/><br/><b>Care Tips</b><br/>  Do not bleach or dry clean.Wash with like colours.Line dry.Warm iron. <b>Note:</b>  There may be a slight colour variation in the image from original product. </div></div></div> </div>,,16:04:2014,
419896,pierre carlo black full sleeves cotton men jackets,http://www.yebhi.com/online-shopping/men/apparels.html?affint=men-topmenu,2699,Clothing,coats-and-jackets,pierre-carlo,http://im6.ybndc.com/upload/419896/ProductRear635213370397537097.jpg,2999,,Men,http://www.yebhi.com/419896/PD/pierre-carlo-black-full-sleeves-cotton-men-jackets.htm,yebhi.com,Pierre Carlo Black Full Sleeves Cotton Men - Jackets Buy Online,Pierre Carlo Black Full Sleeves Cotton Men - Jackets  Best Price Rs 2699.00 Best Discount 10% Off EMI Rs 450 for 6 months FREE Shipping in 2 Days,LXLXXL,<div class="product_detail_columns tinyscrl" itemprop="description" style=""><div class="scrollbar" style="width:2px; height:250px; background:#9E9E9E;"><div class="track" style="width:2px;"><div class="thumb" style="width:6px;"><div class="end"> </div></div></div></div><div class="viewport" style=" height:250px; width:252px; font-family:Arial !important;"><div class="overview" style="text-align:justify; display:block;"><div>This <b> jacket </b> from Pierre Carlo features full sleeves  multiple pockets and a collared neck with zipper closure. In <b> black colour</b>  it is crafted from <b> cotton material.</b><br/><br/><b>Features</b><br/><ul style="margin-left: 20px;"><li type="disc"> <b>Brand:</b> Pierre Carlo<br/></li><li type="disc"> <b>Category:</b> Coats &amp; Jacket<br/></li><li type="disc"> <b>Type:</b> Jacket<br/></li><li type="disc"><b>Material:</b> Cotton <br/></li><li type="disc"><b>Colour:</b> Black <br/></li><li type="disc"><b>Pattern:</b> Solid<br/></li><li type="disc"><b>Sleeves:</b> Full sleeves <br/></li><li type="disc"><b>Neck:</b> Collared neck <br/></li><li type="disc"><b>Style:</b> Casual</li></ul><br/><br/><b>Care Tips</b><br/>  Do not bleach or dry clean.Wash with like colours.Line dry.Warm iron. <b>Note:</b>  There may be a slight colour variation in the image from original product. </div></div></div> </div>,,16:04:2014,
419898,pierre carlo brown full sleeves cotton men jackets,http://www.yebhi.com/online-shopping/men/apparels.html?affint=men-topmenu,2699,Clothing,coats-and-jackets,pierre-carlo,http://im6.ybndc.com/upload/419898/ProductRear635213372237412891.jpg,2999,,Men,http://www.yebhi.com/419898/PD/pierre-carlo-brown-full-sleeves-cotton-men-jackets.htm,yebhi.com,Pierre Carlo Brown Full Sleeves Cotton Men - Jackets Buy Online,Pierre Carlo Brown Full Sleeves Cotton Men - Jackets  Best Price Rs 2699.00 Best Discount 10% Off EMI Rs 450 for 6 months FREE Shipping in 2 Days,LXXL,<div class="product_detail_columns tinyscrl" itemprop="description" style=""><div class="scrollbar" style="width:2px; height:250px; background:#9E9E9E;"><div class="track" style="width:2px;"><div class="thumb" style="width:6px;"><div class="end"> </div></div></div></div><div class="viewport" style=" height:250px; width:252px; font-family:Arial !important;"><div class="overview" style="text-align:justify; display:block;"><div>This <b> jacket </b> from Pierre Carlo features full sleeves  multiple pockets and a collared neck with zipper closure. In <b> beige colour</b>  it is crafted from <b> cotton material.</b><br/><br/><b>Features</b><br/><ul style="margin-left: 20px;"><li type="disc"> <b>Brand:</b> Pierre Carlo<br/></li><li type="disc"> <b>Category:</b> Coats &amp; Jacket<br/></li><li type="disc"> <b>Type:</b> Jacket<br/></li><li type="disc"><b>Material:</b> Cotton <br/></li><li type="disc"><b>Colour:</b> Beige <br/></li><li type="disc"><b>Pattern:</b> Solid<br/></li><li type="disc"><b>Sleeves:</b> Full sleeves <br/></li><li type="disc"><b>Neck:</b> Collared neck <br/></li><li type="disc"><b>Style:</b> Casual</li></ul><br/><br/><b>Care Tips</b><br/>  Do not bleach or dry clean.Wash with like colours.Line dry.Warm iron. <b>Note:</b>  There may be a slight colour variation in the image from original product. </div></div></div> </div>,,16:04:2014,
439824,pierre carlo black full sleeves men coats,http://www.yebhi.com/online-shopping/men/apparels.html?affint=men-topmenu,3599,Clothing,coats-and-jackets,pierre-carlo,http://im6.ybndc.com/upload/439824/ProductRear635254005650210000.jpg,3999,,Men,http://www.yebhi.com/439824/PD/pierre-carlo-black-full-sleeves-men-coats.htm,yebhi.com,Pierre Carlo Black Full Sleeves Men - Coats Buy Online,Pierre Carlo Black Full Sleeves Men - Coats  Best Price Rs 3599.00 Best Discount 10% Off EMI Rs 600 for 6 months FREE Shipping in 2 Days,LXLXXL,<div class="product_detail_columns tinyscrl" itemprop="description" style=""><div class="scrollbar" style="width:2px; height:250px; background:#9E9E9E;"><div class="track" style="width:2px;"><div class="thumb" style="width:6px;"><div class="end"> </div></div></div></div><div class="viewport" style=" height:250px; width:252px; font-family:Arial !important;"><div class="overview" style="text-align:justify; display:block;"><div>LONG COAT IN TWEED </div></div></div> </div>,,16:04:2014,
419897,pierre carlo brown full sleeves cotton men jackets,http://www.yebhi.com/online-shopping/men/apparels.html?affint=men-topmenu,2699,Clothing,coats-and-jackets,pierre-carlo,http://im6.ybndc.com/upload/419897/ProductRear635213309722040154.jpg,2999,,Men,http://www.yebhi.com/419897/PD/pierre-carlo-brown-full-sleeves-cotton-men-jackets.htm,yebhi.com,Pierre Carlo Brown Full Sleeves Cotton Men - Jackets Buy Online,Pierre Carlo Brown Full Sleeves Cotton Men - Jackets  Best Price Rs 2699.00 Best Discount 10% Off EMI Rs 450 for 6 months FREE Shipping in 2 Days,LXLXXL,<div class="product_detail_columns tinyscrl" itemprop="description" style=""><div class="scrollbar" style="width:2px; height:250px; background:#9E9E9E;"><div class="track" style="width:2px;"><div class="thumb" style="width:6px;"><div class="end"> </div></div></div></div><div class="viewport" style=" height:250px; width:252px; font-family:Arial !important;"><div class="overview" style="text-align:justify; display:block;"><div>This <b> jacket </b> from Pierre Carlo features full sleeves  multiple pockets and a collared neck with zipper closure. In <b> brown colour</b>  it is crafted from <b> cotton material.</b><br/><br/><b>Features</b><br/><ul style="margin-left: 20px;"><li type="disc"> <b>Brand:</b> Pierre Carlo<br/></li><li type="disc"> <b>Category:</b> Coats &amp; Jacket<br/></li><li type="disc"> <b>Type:</b> Jacket<br/></li><li type="disc"><b>Material:</b> Cotton <br/></li><li type="disc"><b>Colour:</b> Brown <br/></li><li type="disc"><b>Pattern:</b> Solid<br/></li><li type="disc"><b>Sleeves:</b> Full sleeves <br/></li><li type="disc"><b>Neck:</b> Collared neck <br/></li><li type="disc"><b>Style:</b> Casual</li></ul><br/><br/><b>Care Tips</b><br/>  Do not bleach or dry clean.Wash with like colours.Line dry.Warm iron. <b>Note:</b>  There may be a slight colour variation in the image from original product. </div></div></div> </div>,,16:04:2014,
419889,pierre carlo grey sleeveless cotton men jackets,http://www.yebhi.com/online-shopping/men/apparels.html?affint=men-topmenu,2249,Clothing,coats-and-jackets,pierre-carlo,http://im6.ybndc.com/upload/419889/ProductRear635213444968667114.jpg,2499,,Men,http://www.yebhi.com/419889/PD/pierre-carlo-grey-sleeveless-cotton-men-jackets.htm,yebhi.com,Pierre Carlo Grey Sleeveless Cotton Men - Jackets Buy Online,Pierre Carlo Grey Sleeveless Cotton Men - Jackets  Best Price Rs 2249.00 Best Discount 10% Off EMI Rs 375 for 6 months FREE Shipping in 2 Days,MLXL,<div class="product_detail_columns tinyscrl" itemprop="description" style=""><div class="scrollbar" style="width:2px; height:250px; background:#9E9E9E;"><div class="track" style="width:2px;"><div class="thumb" style="width:6px;"><div class="end"> </div></div></div></div><div class="viewport" style=" height:250px; width:252px; font-family:Arial !important;"><div class="overview" style="text-align:justify; display:block;"><div>This <b> reversible jacket </b> with <b> checked pattern </b> features cut sleeves and a high neck with zipper closure. In <b> brown and black colours</b>  it is from the house of Pierre Carlo and is crafted from <b> cotton material.</b><br/><br/><b>Features</b><br/><ul style="margin-left: 20px;"><li type="disc"> <b>Brand:</b> Pierre Carlo<br/></li><li type="disc"> <b>Category:</b> Coats &amp; Jacket<br/></li><li type="disc"> <b>Type:</b> Jacket<br/></li><li type="disc"><b>Material:</b> Cotton <br/></li><li type="disc"><b>Colour:</b> Brown  Black <br/></li><li type="disc"><b>Pattern:</b> Checked pattern<br/></li><li type="disc"><b>Sleeves:</b> Cut sleeves <br/></li><li type="disc"><b>Neck:</b> High neck <br/></li><li type="disc"><b>Style:</b> Casual</li></ul><br/><br/><b>Care Tips</b><br/>  Do not bleach or dry clean.Wash with like colours.Line dry.Warm iron. <b>Note:</b>  There may be a slight colour variation in the image from original product. </div></div></div> </div>,,16:04:2014,
419892,pierre carlo blue full sleeves cotton men jackets,http://www.yebhi.com/online-shopping/men/apparels.html?affint=men-topmenu,2339,Clothing,coats-and-jackets,pierre-carlo,http://im6.ybndc.com/upload/419892/ProductRear635213368572793400.jpg,2599,,Men,http://www.yebhi.com/419892/PD/pierre-carlo-blue-full-sleeves-cotton-men-jackets.htm,yebhi.com,Pierre Carlo Blue Full Sleeves Cotton Men - Jackets Buy Online,Pierre Carlo Blue Full Sleeves Cotton Men - Jackets  Best Price Rs 2339.00 Best Discount 10% Off EMI Rs 390 for 6 months FREE Shipping in 2 Days,LXL,<div class="product_detail_columns tinyscrl" itemprop="description" style=""><div class="scrollbar" style="width:2px; height:250px; background:#9E9E9E;"><div class="track" style="width:2px;"><div class="thumb" style="width:6px;"><div class="end"> </div></div></div></div><div class="viewport" style=" height:250px; width:252px; font-family:Arial !important;"><div class="overview" style="text-align:justify; display:block;"><div>This <b> jacket </b> from Pierre Carlo features full sleeves and a collared neck with zipper and snap button closure. In <b> blue colour</b>  it is crafted from <b> cotton material.</b><br/><br/><b>Features</b><br/><ul style="margin-left: 20px;"><li type="disc"> <b>Brand:</b> Pierre Carlo<br/></li><li type="disc"> <b>Category:</b> Coats &amp; Jacket<br/></li><li type="disc"> <b>Type:</b> Jacket<br/></li><li type="disc"><b>Material:</b> Cotton <br/></li><li type="disc"><b>Colour:</b> Blue <br/></li><li type="disc"><b>Pattern:</b> Solid<br/></li><li type="disc"><b>Sleeves:</b> Full sleeves <br/></li><li type="disc"><b>Neck:</b> Collared neck <br/></li><li type="disc"><b>Style:</b> Casual</li></ul><br/><br/><b>Care Tips</b><br/>  Do not bleach or dry clean.Wash with like colours.Line dry.Warm iron. <b>Note:</b>  There may be a slight colour variation in the image from original product. </div></div></div> </div>,,16:04:2014,
419893,pierre carlo brown full sleeves cotton men jackets,http://www.yebhi.com/online-shopping/men/apparels.html?affint=men-topmenu,2699,Clothing,coats-and-jackets,pierre-carlo,http://im6.ybndc.com/upload/419893/ProductRear635213307871088289.jpg,2999,,Men,http://www.yebhi.com/419893/PD/pierre-carlo-brown-full-sleeves-cotton-men-jackets.htm,yebhi.com,Pierre Carlo Brown Full Sleeves Cotton Men - Jackets Buy Online,Pierre Carlo Brown Full Sleeves Cotton Men - Jackets  Best Price Rs 2699.00 Best Discount 10% Off EMI Rs 450 for 6 months FREE Shipping in 2 Days,LXXL,<div class="product_detail_columns tinyscrl" itemprop="description" style=""><div class="scrollbar" style="width:2px; height:250px; background:#9E9E9E;"><div class="track" style="width:2px;"><div class="thumb" style="width:6px;"><div class="end"> </div></div></div></div><div class="viewport" style=" height:250px; width:252px; font-family:Arial !important;"><div class="overview" style="text-align:justify; display:block;"><div>This <b> jacket </b> from Pierre Carlo features full sleeves  multiple pockets and a collared neck with zipper closure. In <b> brown colour</b>  it is crafted from <b> cotton material.</b><br/><br/><b>Features</b><br/><ul style="margin-left: 20px;"><li type="disc"> <b>Brand:</b> Pierre Carlo<br/></li><li type="disc"> <b>Category:</b> Coats &amp; Jacket<br/></li><li type="disc"> <b>Type:</b> Jacket<br/></li><li type="disc"><b>Material:</b> Cotton <br/></li><li type="disc"><b>Colour:</b> Brown <br/></li><li type="disc"><b>Pattern:</b> Solid<br/></li><li type="disc"><b>Sleeves:</b> Full sleeves <br/></li><li type="disc"><b>Neck:</b> Collared neck <br/></li><li type="disc"><b>Style:</b> Casual</li></ul><br/><br/><b>Care Tips</b><br/>  Do not bleach or dry clean.Wash with like colours.Line dry.Warm iron. <b>Note:</b>  There may be a slight colour variation in the image from original product. </div></div></div> </div>,,16:04:2014,
439822,pierre carlo black full sleeves men coats,http://www.yebhi.com/online-shopping/men/apparels.html?affint=men-topmenu,3599,Clothing,coats-and-jackets,pierre-carlo,http://im6.ybndc.com/upload/439822/ProductRear635253921002416000.jpg,3999,,Men,http://www.yebhi.com/439822/PD/pierre-carlo-black-full-sleeves-men-coats.htm,yebhi.com,Pierre Carlo Black Full Sleeves Men - Coats Buy Online,Pierre Carlo Black Full Sleeves Men - Coats  Best Price Rs 3599.00 Best Discount 10% Off EMI Rs 600 for 6 months FREE Shipping in 2 Days,LXLXXL,<div class="product_detail_columns tinyscrl" itemprop="description" style=""><div class="scrollbar" style="width:2px; height:250px; background:#9E9E9E;"><div class="track" style="width:2px;"><div class="thumb" style="width:6px;"><div class="end"> </div></div></div></div><div class="viewport" style=" height:250px; width:252px; font-family:Arial !important;"><div class="overview" style="text-align:justify; display:block;"><div>SEMI LONG COAT IN TWEED </div></div></div> </div>,,16:04:2014,
419887,pierre carlo brown full sleeves cotton men jackets,http://www.yebhi.com/online-shopping/men/apparels.html?affint=men-topmenu,2519,Clothing,coats-and-jackets,pierre-carlo,http://im6.ybndc.com/upload/419887/ProductRear635213366555076466.jpg,2799,,Men,http://www.yebhi.com/419887/PD/pierre-carlo-brown-full-sleeves-cotton-men-jackets.htm,yebhi.com,Pierre Carlo Brown Full Sleeves Cotton Men - Jackets Buy Online,Pierre Carlo Brown Full Sleeves Cotton Men - Jackets  Best Price Rs 2519.00 Best Discount 10% Off EMI Rs 420 for 6 months FREE Shipping in 2 Days,MLXLXXL,<div class="product_detail_columns tinyscrl" itemprop="description" style=""><div class="scrollbar" style="width:2px; height:250px; background:#9E9E9E;"><div class="track" style="width:2px;"><div class="thumb" style="width:6px;"><div class="end"> </div></div></div></div><div class="viewport" style=" height:250px; width:252px; font-family:Arial !important;"><div class="overview" style="text-align:justify; display:block;"><div>This <b> reversible jacket </b> with <b> checked pattern </b> features full sleeves and a collared neck with zipper closure. In <b> black colour</b>  it is from the house of Pierre Carlo and is crafted from <b> tweed cotton material.</b><br/><br/><b>Features</b><br/><ul style="margin-left: 20px;"><li type="disc"> <b>Brand:</b> Pierre Carlo<br/></li><li type="disc"> <b>Category:</b> Coats &amp; Jacket<br/></li><li type="disc"> <b>Type:</b> Jacket<br/></li><li type="disc"><b>Material:</b> Tweed Cotton <br/></li><li type="disc"><b>Colour:</b> Black <br/></li><li type="disc"><b>Pattern:</b> Checked pattern<br/></li><li type="disc"><b>Sleeves:</b> Full sleeves <br/></li><li type="disc"><b>Neck:</b> Collared neck <br/></li><li type="disc"><b>Style:</b> Casual</li></ul><br/><br/><b>Care Tips</b><br/>  Do not bleach or dry clean.Wash with like colours.Line dry.Warm iron. <b>Note:</b>  There may be a slight colour variation in the image from original product. </div></div></div> </div>,,16:04:2014,
