178922,sax combos and gift packs,http://www.yebhi.com/online-shopping/men/bath-and-beauty.html?affint=men-topmenu,597,Personal Care,combos-and-gift-packs,sax,http://im6.ybndc.com/upload/178922/ProductRear634829031377532000.jpg,995,,Men,http://www.yebhi.com/178922/PD/sax-combos-and-gift-packs.htm,yebhi.com,Sax - Combos and Gift Packs Buy Online,Sax - Combos and Gift Packs  Best Price Rs 597.00 Best Discount 40% Off EMI Rs 100 for 6 months FREE Shipping in 2 Days,None,<div class="product_detail_columns tinyscrl" itemprop="description" style=""><div class="scrollbar" style="width:2px; height:250px; background:#9E9E9E;"><div class="track" style="width:2px;"><div class="thumb" style="width:6px;"><div class="end"> </div></div></div></div><div class="viewport" style=" height:250px; width:252px; font-family:Arial !important;"><div class="overview" style="text-align:justify; display:block;"><div><b>Sax Loofah Wash Lime</b> is <b>ideal for exfoliation</b>  turns your everyday shower into a <b>spa experience scented with zesty lime</b> and it is <b>refreshingly sharp</b>. Step out of the shower <b>softer</b> than ever with this<b> nutrient-filled body wash</b>. This product is<b> committed to excellence  ingenuity and quality</b> ? and to <b>delighting the senses</b>.<br><br><b>Features</b></br><ul style="margin-left: 20px;"><li type="disc">For: Unisex</li><li type="disc">Product Type: Body wash</li><li type="disc">Quantity: 200ml</li><li type="disc">Content: 1 bottle of 200ml</li><li type="disc">Product form: liquid</li></ul><br><b>Disclaimer:</b> The website does not guarantee 100% accuracy of information. We suggest you to double check with the manufacturer website for data validity.   </br></br></div></div></div> </div>,,16:04:2014,
178950,sax pamper combos and gift packs,http://www.yebhi.com/online-shopping/men/bath-and-beauty.html?affint=men-topmenu,2385,Personal Care,combos-and-gift-packs,sax,http://im6.ybndc.com/upload/178950/ProductRear634829033642340000.jpg,2650,,Men,http://www.yebhi.com/178950/PD/sax-pamper-combos-and-gift-packs.htm,yebhi.com,Sax PAMPER - Combos and Gift Packs Buy Online,Sax PAMPER - Combos and Gift Packs  Best Price Rs 2385.00 Best Discount 10% Off EMI Rs 398 for 6 months FREE Shipping in 2 Days,None,<div class="product_detail_columns tinyscrl" itemprop="description" style=""><div class="scrollbar" style="width:2px; height:250px; background:#9E9E9E;"><div class="track" style="width:2px;"><div class="thumb" style="width:6px;"><div class="end"> </div></div></div></div><div class="viewport" style=" height:250px; width:252px; font-family:Arial !important;"><div class="overview" style="text-align:justify; display:block;"><div><b>Sax Pamper Body Collection Gift set </b>comes with <b>Body  Lotion  Body Balm and Hand Cream. </b>This body lotion <b>hydrates</b> your  dehydrated skin giving it <b>smooth and blemish free complex-ion</b>.  This <b>body balm</b> will perfect even the driest skin and will also  promote <b>long term skin health</b> and <b>general well being</b>. Hand cream <b>deeply moisturizes</b> and restores <b>dry cracked  and chapped hands</b>.<br><br><b>Features</b></br><ul style="margin-left: 20px;"><li type="disc">For: Unisex</li><li type="disc">Content: 2 bottles  1 jar and loofah</li><li type="disc">Quantity: body lotion-250ml/Body balm-250ml/Hand cream-250ml</li></ul><br><b>Disclaimer:</b> The website does not guarantee 100% accuracy of information. We suggest you to double check with the manufacturer website for data validity.   </br></br></div></div></div> </div>,,16:04:2014,
178940,sax combos and gift packs,http://www.yebhi.com/online-shopping/men/bath-and-beauty.html?affint=men-topmenu,2385,Personal Care,combos-and-gift-packs,sax,http://im6.ybndc.com/upload/178940/ProductRear634829032733328000.jpg,2650,,Men,http://www.yebhi.com/178940/PD/sax-combos-and-gift-packs.htm,yebhi.com,Sax - Combos and Gift Packs Buy Online,Sax - Combos and Gift Packs  Best Price Rs 2385.00 Best Discount 10% Off EMI Rs 398 for 6 months FREE Shipping in 2 Days,None,<div class="product_detail_columns tinyscrl" itemprop="description" style=""><div class="scrollbar" style="width:2px; height:250px; background:#9E9E9E;"><div class="track" style="width:2px;"><div class="thumb" style="width:6px;"><div class="end"> </div></div></div></div><div class="viewport" style=" height:250px; width:252px; font-family:Arial !important;"><div class="overview" style="text-align:justify; display:block;"><div><b>Sax Combo </b>comes with <b>Shower Gel  Body lotion and a Loofah Glove. </b>This shower gel is a <b>gently exfoliating</b> and <b>richly  nourishing</b>  it <b>softens and soothes your skin</b>. <b>Smooth  silky  soft</b> are the words that will come out of your mouth after using  this <b>exquisite body lotion</b> which will <b>hydrate your skin</b> leaving it<b> supple and radiant</b>. Loofah glove is a <b>great exfoliate</b> that will help<b> remove dead skin cells</b> to  leave your skin as new as a new born.<br><br><b>Features</b></br><ul style="margin-left: 20px;"><li type="disc">For: Unisex</li><li type="disc">Product Type: Shower gel  body lotion and loofah glove</li><li type="disc">Quantity: 250ml/250ml</li><li type="disc">Content: 2 bottles and one glove</li></ul><br><b>Disclaimer:</b> The website does not guarantee 100% accuracy of information. We suggest you to double check with the manufacturer website for data validity. </br></br></div></div></div> </div>,,16:04:2014,
178944,sax combos and gift packs,http://www.yebhi.com/online-shopping/men/bath-and-beauty.html?affint=men-topmenu,2385,Personal Care,combos-and-gift-packs,sax,http://im6.ybndc.com/upload/178944/ProductRear634828955099772000.jpg,2650,,Men,http://www.yebhi.com/178944/PD/sax-combos-and-gift-packs.htm,yebhi.com,Sax - Combos and Gift Packs Buy Online,Sax - Combos and Gift Packs  Best Price Rs 2385.00 Best Discount 10% Off EMI Rs 398 for 6 months FREE Shipping in 2 Days,None,<div class="product_detail_columns tinyscrl" itemprop="description" style=""><div class="scrollbar" style="width:2px; height:250px; background:#9E9E9E;"><div class="track" style="width:2px;"><div class="thumb" style="width:6px;"><div class="end"> </div></div></div></div><div class="viewport" style=" height:250px; width:252px; font-family:Arial !important;"><div class="overview" style="text-align:justify; display:block;"><div>  This combo pack from Sax consists of massage oil that will help in relaxing your strained nerves and takes away all your tiredness  leaving you refreshed. This product with its special ingredients together gives a light scent which will give you a soothing effect and comfort you all day long. This handscrub will help in removing the dead skin cells  giving your skin a healthy texture.<br><br><b>Features</b><br><br>  Massage oil <ul margin-left:20px;'' style=""><li disc'' type="">For: Unisex</li><li disc'' type="">Quantity: 250ml</li></ul><br><b>Disclaimer:</b> The website does not guarantee 100% accuracy of information. We suggest you to double check with the manufacturer website for data validity.   </br></br></br></br></br></div></div></div> </div>,,16:04:2014,
178948,sax combos and gift packs,http://www.yebhi.com/online-shopping/men/bath-and-beauty.html?affint=men-topmenu,2385,Personal Care,combos-and-gift-packs,sax,http://im6.ybndc.com/upload/178948/ProductRear634829032983084000.jpg,2650,,Men,http://www.yebhi.com/178948/PD/sax-combos-and-gift-packs.htm,yebhi.com,Sax - Combos and Gift Packs Buy Online,Sax - Combos and Gift Packs  Best Price Rs 2385.00 Best Discount 10% Off EMI Rs 398 for 6 months FREE Shipping in 2 Days,None,<div class="product_detail_columns tinyscrl" itemprop="description" style=""><div class="scrollbar" style="width:2px; height:250px; background:#9E9E9E;"><div class="track" style="width:2px;"><div class="thumb" style="width:6px;"><div class="end"> </div></div></div></div><div class="viewport" style=" height:250px; width:252px; font-family:Arial !important;"><div class="overview" style="text-align:justify; display:block;"><div><b>Sax Pedicure Pack </b>comes with<b> Foot cream and Foot Scrub. </b>Foot cream  helps in <b>reducing dry  flaky skin and callouses  natural  essential eucalyptus oil</b> works as an <b>emollient and skin freshener</b>. It also helps <b>reduce rough soles</b> and <b>relax your feet</b>. Foot scrub helps you<b> achieve beautiful  touchable feet</b> with this <b>sweet invigorating scrub</b> it will exfoliate and <b>moisturize your dry skin</b>  This pack comes with<b> 2 different types of nail fillers</b>.<br><br><b>Features</b></br><ul style="margin-left: 20px;"><li type="disc">For: women</li><li type="disc">Product Type: Foot cream  foot scrub and feet fillers</li><li type="disc">Quantity: 100ml/100ml</li><li type="disc">Content: 2 bottles and 2 fillers</li></ul><br><b>Disclaimer:</b> The website does not guarantee 100% accuracy of information. We suggest you to double check with the manufacturer/ website for data  validity. </br></br></div></div></div> </div>,,16:04:2014,
178945,sax combos and gift packs,http://www.yebhi.com/online-shopping/men/bath-and-beauty.html?affint=men-topmenu,2385,Personal Care,combos-and-gift-packs,sax,http://im6.ybndc.com/upload/178945/ProductRear634828956669912000.jpg,2650,,Men,http://www.yebhi.com/178945/PD/sax-combos-and-gift-packs.htm,yebhi.com,Sax - Combos and Gift Packs Buy Online,Sax - Combos and Gift Packs  Best Price Rs 2385.00 Best Discount 10% Off EMI Rs 398 for 6 months FREE Shipping in 2 Days,None,<div class="product_detail_columns tinyscrl" itemprop="description" style=""><div class="scrollbar" style="width:2px; height:250px; background:#9E9E9E;"><div class="track" style="width:2px;"><div class="thumb" style="width:6px;"><div class="end"> </div></div></div></div><div class="viewport" style=" height:250px; width:252px; font-family:Arial !important;"><div class="overview" style="text-align:justify; display:block;"><div><b>Australian Bush Botanics combo comes </b>with<b> Hand recover  Balm  Beauty Bar and Soft Body Brush. </b>This <b>healing balm</b> effectively <b>fights  eczema  road rash</b> and more. It also <b>deeply moisturizes</b> and <b>restores  dry  cracked and chapped hands</b>. This beauty bar gives you the skin you  always desired  it <b>beautifies your skin</b> giving it a <b>flawless  look</b>. Soft body brush <b>deeply cleanses</b> you skin creating  a <b>thick lather reaching deep pores</b>.<br><br><b>Features</b><br><br>Hand Recovery balm<ul style="margin-left: 20px;"><li>How to Apply: Use it to massage       thoroughly on hands  nails and cuticles</li><li>Skin Type: Suitable for all skin       types</li><li>Benefits: Healing powers  fights       eczema  road rash and more</li><li>Ingredients: Bush gardenia  wild       iris and many more</li></ul><br> Beauty Bar<ul style="margin-left: 20px;"><li>How to Apply: Create lather and       rinse it with water  use it daily</li><li>Skin Type: Suitable for all skin       type</li><li>Benefits: Gives your body smooth       and blemish free skin</li><li>Ingredients: Bush gardenia  wild       iris and many more</li></ul><br>   Soft Body Brush<ul style="margin-left: 20px;"><li>How to apply: Cleanse your body       with it after applying soap on your body</li><li>Skin type: Suitable for all skin       type</li><li>Benefits: Helps create lather and       reaches deep pores of your body</li></ul><br><b>Disclaimer:</b> The website does not guarantee 100% accuracy of information.  We uggest you to double check with the manufacturer website for data validity.   </br></br></br></br></br></br></br></div></div></div> </div>,,16:04:2014,
178946,sax unisex foot scrub soothing foot cream and foot brush,http://www.yebhi.com/online-shopping/men/bath-and-beauty.html?affint=men-topmenu,2385,Personal Care,combos-and-gift-packs,sax,http://im6.ybndc.com/upload/178946/ProductRear634828955861676000.jpg,2650,,Men,http://www.yebhi.com/178946/PD/sax-unisex-foot-scrub-soothing-foot-cream-and-foot-brush.htm,yebhi.com,Sax Unisex - foot Scrub Soothing foot cream and Foot Brush Buy Online,Sax Unisex - foot Scrub Soothing foot cream and Foot Brush  Best Price Rs 2385.00 Best Discount 10% Off EMI Rs 398 for 6 months FREE Shipping in 2 Days,None,<div class="product_detail_columns tinyscrl" itemprop="description" style=""><div class="scrollbar" style="width:2px; height:250px; background:#9E9E9E;"><div class="track" style="width:2px;"><div class="thumb" style="width:6px;"><div class="end"> </div></div></div></div><div class="viewport" style=" height:250px; width:252px; font-family:Arial !important;"><div class="overview" style="text-align:justify; display:block;"><div>This combo gift pack from SAX Foot Therapy includes <b>exfoliating foot scrub  soothing foot cream and foot brush</b>. With its <b>peach blossom  tea tree and river mint extracts</b> it is a perfect foot massage therapy kit for you.<br/><br/><b>Features</b><ul style="margin-left: 20px;"><li type="disc"> <b>Brand:</b> Sax<br/></li><li type="disc"> <b>Category:</b> Personal Care<br/></li><li type="disc"> <b>For:</b> Men / Women<br/></li><li type="disc"> <b>Contents:</b> Exfoliating foot scrub  Soothing foot cream and Foot brush<br/></li><li type="disc"> <b>Volume:</b> 125ml Scrub  125ml Cream<br/></li><li type="disc"> <b>Type:</b> Combo and Gift Pack<br/><li type="disc"> <b>Ingredients:</b> Peach blossom  tea tree and river mint extracts</li></li></ul> <br/><b>Disclaimer:</b> The website does not guarantee 100% accuracy of information. We suggest you to double check with the manufacturer website for data validity.  </div></div></div> </div>,,16:04:2014,
178949,sax combos and gift packs,http://www.yebhi.com/online-shopping/men/bath-and-beauty.html?affint=men-topmenu,2385,Personal Care,combos-and-gift-packs,sax,http://im6.ybndc.com/upload/178949/ProductRear634828979779128000.jpg,2650,,Men,http://www.yebhi.com/178949/PD/sax-combos-and-gift-packs.htm,yebhi.com,Sax - Combos and Gift Packs Buy Online,Sax - Combos and Gift Packs  Best Price Rs 2385.00 Best Discount 10% Off EMI Rs 398 for 6 months FREE Shipping in 2 Days,None,<div class="product_detail_columns tinyscrl" itemprop="description" style=""><div class="scrollbar" style="width:2px; height:250px; background:#9E9E9E;"><div class="track" style="width:2px;"><div class="thumb" style="width:6px;"><div class="end"> </div></div></div></div><div class="viewport" style=" height:250px; width:252px; font-family:Arial !important;"><div class="overview" style="text-align:justify; display:block;"><div><b>Sax Bath Combo </b>comes with<b> Wild Strawberry and lily shower gel and Body Lotion. </b>This shower gel <b>lathers up</b> in the bath or shower to leave your <b>skin feeling clean  fresh and subtly scented</b>. It also changes your shower experience making your <b>skin smooth and flawless</b>. This body lotion <b>hydrates</b> your dehydrated skin leaving it <b>soft  soothed and supple</b>.<br><br><b>Features</b><br><br>Shower gel<ul style="margin-left: 20px;"><li type="disc">How to Apply: Lather up and cleanse your whole body afterwards rinse well with water</li><li type="disc">Skin Type: Suitable for all skin types</li><li type="disc">Benefits: Gives you radiant and smooth silky skin </li></ul><br>   Skin care cream<ul style="margin-left: 20px;"><li type="disc">How to Apply: Thoroughly apply on your body</li><li type="disc">Skin Type: Suitable for all skin type</li><li type="disc">Benefits: Gives you smooth and soft skin</li></ul><br><b>Disclaimer:</b> The website does not guarantee 100% accuracy of information. We suggest you to double check with the manufacturer website for data validity.   </br></br></br></br></br></br></div></div></div> </div>,,16:04:2014,
178947,sax combos and gift packs,http://www.yebhi.com/online-shopping/men/bath-and-beauty.html?affint=men-topmenu,2385,Personal Care,combos-and-gift-packs,sax,http://im6.ybndc.com/upload/178947/ProductRear634828956131868000.jpg,2650,,Men,http://www.yebhi.com/178947/PD/sax-combos-and-gift-packs.htm,yebhi.com,Sax - Combos and Gift Packs Buy Online,Sax - Combos and Gift Packs  Best Price Rs 2385.00 Best Discount 10% Off EMI Rs 398 for 6 months FREE Shipping in 2 Days,None,<div class="product_detail_columns tinyscrl" itemprop="description" style=""><div class="scrollbar" style="width:2px; height:250px; background:#9E9E9E;"><div class="track" style="width:2px;"><div class="thumb" style="width:6px;"><div class="end"> </div></div></div></div><div class="viewport" style=" height:250px; width:252px; font-family:Arial !important;"><div class="overview" style="text-align:justify; display:block;"><div><b>Sax Body Therapy Pack Combo</b> comes with<b> Hydrating Body Lotion</b> and <b>Luxury Body Wash. </b>this body lotion helps <b>tone and soothes all skin conditions</b> and also <b>smoothes and relieves skin dryness</b>. It <b>hydrates</b> your dehydrated skin. Body wash adds the <b>luxury to your bathing experience</b> and wraps your <b>skin in soothing hydration</b>. It also includes a <b>Body Brush </b>which helps you <b>clean and wiping of the dead skin cells</b> off your body.<b>Features</b><ul style="margin-left: 20px;"><li type="disc">For: Unisex</li><li type="disc">Product Type: Body wash  body       lotion and body brush</li><li type="disc">Quantity: 250ml/250ml</li><li type="disc">content: 2 bottles and one body       brush</li></ul><b>Disclaimer:</b> The website does not guarantee 100% accuracy of information.  We suggest you to double check with the manufacturer website for data validity.   </div></div></div> </div>,,16:04:2014,
178943,sax combos and gift packs,http://www.yebhi.com/online-shopping/men/bath-and-beauty.html?affint=men-topmenu,1110,Personal Care,combos-and-gift-packs,sax,http://im6.ybndc.com/upload/178943/ProductRear634828979305668000.jpg,1850,,Men,http://www.yebhi.com/178943/PD/sax-combos-and-gift-packs.htm,yebhi.com,Sax - Combos and Gift Packs Buy Online,Sax - Combos and Gift Packs  Best Price Rs 1110.00 Best Discount 40% Off EMI Rs 185 for 6 months FREE Shipping in 2 Days,None,<div class="product_detail_columns tinyscrl" itemprop="description" style=""><div class="scrollbar" style="width:2px; height:250px; background:#9E9E9E;"><div class="track" style="width:2px;"><div class="thumb" style="width:6px;"><div class="end"> </div></div></div></div><div class="viewport" style=" height:250px; width:252px; font-family:Arial !important;"><div class="overview" style="text-align:justify; display:block;"><div><b>Sax Bath Combo </b>comes with<b> Luxury Body wash </b>and <b>Netting sponge. </b>This body wash wraps your skin in <b>soothing hydration</b> with its<b> ultra moisturizing properties</b>. It gives you<b> mildest cleansers ever</b> <b> rich lather </b>and effectively <b>nourishes deep down</b>. Net sponge helps you <b>clean your body</b> while <b>wiping off the dead skin cells</b> from your skin.<br><br><b>Features</b><br><br>Body wash<ul style="margin-left: 20px;"><li type="disc">How to Apply: Create lather and apply on your body and rinse it well afterwards</li><li type="disc">Skin Type: Suitable for all skin types</li><li type="disc">Benefits: Gives you radiant and smooth silky skin </li></ul><br>   Netting  sponge<ul style="margin-left: 20px;"><li type="disc">How to Apply: Use it with lather to cleanse your body</li><li type="disc">Benefits: extra cleaning while wiping off the dead skin cells</li></ul><br><b>Disclaimer:</b> The website does not guarantee 100% accuracy of information. We suggest you to double check with the manufacturer website for data validity. </br></br></br></br></br></br></div></div></div> </div>,,16:04:2014,
178938,sax unisex shower gel body lotion and glove,http://www.yebhi.com/online-shopping/men/bath-and-beauty.html?affint=men-topmenu,2385,Personal Care,combos-and-gift-packs,sax,http://im6.ybndc.com/upload/178938/ProductRear634829032213692000.jpg,2650,,Men,http://www.yebhi.com/178938/PD/sax-unisex-shower-gel-body-lotion-and-glove.htm,yebhi.com,Sax Unisex - Shower Gel Body lotion and Glove Buy Online,Sax Unisex - Shower Gel Body lotion and Glove  Best Price Rs 2385.00 Best Discount 10% Off EMI Rs 398 for 6 months FREE Shipping in 2 Days,None,<div class="product_detail_columns tinyscrl" itemprop="description" style=""><div class="scrollbar" style="width:2px; height:250px; background:#9E9E9E;"><div class="track" style="width:2px;"><div class="thumb" style="width:6px;"><div class="end"> </div></div></div></div><div class="viewport" style=" height:250px; width:252px; font-family:Arial !important;"><div class="overview" style="text-align:justify; display:block;"><div>This combo gift pack from SAX includes <b>shower gel  body lotion and a hand glove</b>. With its <b>strawberry and lily extracts</b> it will revitalizes your skin for better glow. Using this shower gel and body lotion daily will help you in getting hydrated  clean and smooth skin.<br/><br/><b>Features</b><ul style="margin-left: 20px;"><li type="disc"> <b>Brand:</b> Sax<br/></li><li type="disc"> <b>Category:</b> Personal Care<br/></li><li type="disc"> <b>For:</b> Men / Women<br/></li><li type="disc"> <b>Contents:</b> Shower gel  Body lotion and Hand glove<br/></li><li type="disc"> <b>Volume:</b> 250ml Shower gel  250ml Body Lotion<br/></li><li type="disc"> <b>Type:</b> Combo and Gift Pack<br/><li type="disc"> <b>Ingredients:</b> Wild strawberry and Lily extracts</li></li></ul> <br/><b>Disclaimer:</b> The website does not guarantee 100% accuracy of information. We suggest you to double check with the manufacturer website for data validity.  </div></div></div> </div>,,16:04:2014,
178939,sax combos and gift packs,http://www.yebhi.com/online-shopping/men/bath-and-beauty.html?affint=men-topmenu,2385,Personal Care,combos-and-gift-packs,sax,http://im6.ybndc.com/upload/178939/ProductRear634829032430064000.jpg,2650,,Men,http://www.yebhi.com/178939/PD/sax-combos-and-gift-packs.htm,yebhi.com,Sax - Combos and Gift Packs Buy Online,Sax - Combos and Gift Packs  Best Price Rs 2385.00 Best Discount 10% Off EMI Rs 398 for 6 months FREE Shipping in 2 Days,None,<div class="product_detail_columns tinyscrl" itemprop="description" style=""><div class="scrollbar" style="width:2px; height:250px; background:#9E9E9E;"><div class="track" style="width:2px;"><div class="thumb" style="width:6px;"><div class="end"> </div></div></div></div><div class="viewport" style=" height:250px; width:252px; font-family:Arial !important;"><div class="overview" style="text-align:justify; display:block;"><div>  This combo pack from Sax consists of wonderful products that can make your <b>skin smooth and hydrated</b>. This combo includes a gentle soap which can be used for daily skin cleansing. The soap helps in hydrating and slightly aromatizes your skin rendering it a cherishing pleasant fragrance. Using this on daily basis will not alter the level of moisture content already present in your skin. Hand scrub included in this combo will help in removing the dead skin cells and giving your skin a healthy texture. Products available in this combo are suitable for all skin types.<br><br><b>Features</b><br><br>  Bath &amp; Shower Gel<ul margin-left:20px;'' style=""><li disc'' type="">For: Unisex</li><li disc'' type="">Quantity: 250ml</li><li disc'' type="">Contents: 1 Bath &amp; Shower Gel</li></ul><br>  Body Lotion<ul margin-left:20px;'' style=""><li disc'' type="">For: Unisex</li><li disc'' type="">Quantity: 250ml</li><li disc'' type="">Contents: 1 Body Lotion</li><li disc'' type="">Ingredients: JamaicanLimeand Frangipani</li></ul><br><b>Disclaimer: </b>The website does not guarantee 100% accuracy of information. We suggest you to double check with the manufacturer website for data validity.   </br></br></br></br></br></br></div></div></div> </div>,,16:04:2014,
