166449,dynomighty white unisex purses and wallets,http://www.yebhi.com/online-shopping/lifestyle/women.html?affint=women-topmenu,799,Accessories,purses-and-wallets,dynomighty,http://im6.ybndc.com/upload/166449/ProductRear635053710374367244.jpg,799,,Women,http://www.yebhi.com/166449/PD/dynomighty-white-unisex-purses-and-wallets.htm,yebhi.com,Dynomighty White Unisex - Purses and Wallets Buy Online,Dynomighty White Unisex - Purses and Wallets  Best Price Rs 799.00  EMI Rs 133 for 6 months FREE Shipping in 2 Days,None,<div class="product_detail_columns tinyscrl" itemprop="description" style=""><div class="scrollbar" style="width:2px; height:250px; background:#9E9E9E;"><div class="track" style="width:2px;"><div class="thumb" style="width:6px;"><div class="end"> </div></div></div></div><div class="viewport" style=" height:250px; width:252px; font-family:Arial !important;"><div class="overview" style="text-align:justify; display:block;"><div>This wallet features <b> official licensed map of the London Underground Subway </b>and is crafted out of <b>polyester</b> that makes it <b>tear-resistant  water-resistant  expandable</b> and <b>recyclable</b>. It features <b>multiple pockets</b> and <b>compartments</b> and lets you organize your cash and cards in the most stylish way. This makes great wallet for a slender silhouette is brought to you by <b>Dynomighty</b> and is a must addition in your collection.<br/><br/><b>Features</b><br/><ul style="margin-left: 20px;"><li type="disc"> Colour: White  Blue<br/></li><li type="disc"> For: Men  Women<br/></li><li type="disc"> Material: Polyester <br/></li><li type="disc"> Closure: Flap Style <br/></li><li type="disc"> Number of Compartments: 2<br/></li><li type="disc"> Usage: Casual  Formal<br/></li></ul><br/><b>Care Tips</b><br/>Wipe with clean dry cloth to remove dust<br/> Do not machine wash. </div></div></div> </div>,,17:04:2014,
500109,dynomighty black unisex purseinches laptop sleeves bags,http://www.yebhi.com/online-shopping/lifestyle/women.html?affint=women-topmenu,1875,Accessories,purses-and-wallets,dynomighty,http://im6.ybndc.com/upload/500109/ProductRear635326631863125205.jpg,1875,,Women,http://www.yebhi.com/500109/PD/aura-bags-black-13-5-x-10-5-inches-laptop-sleeves-bags.htm,yebhi.com,Aura Bags Black 13.5 x 10.5 inches - Laptop Sleeves Bags Buy Online,Aura Bags Black 13.5 x 10.5 inches - Laptop Sleeves Bags  Best Price Rs 1875.00  EMI Rs 313 for 6 months FREE Shipping In Stock - Delivery in 6-8 Days,None,<div class="product_detail_columns tinyscrl" itemprop="description" style=""><div class="scrollbar" style="width:2px; height:250px; background:#9E9E9E;"><div class="track" style="width:2px;"><div class="thumb" style="width:6px;"><div class="end"> </div></div></div></div><div class="viewport" style=" height:250px; width:252px; font-family:Arial !important;"><div class="overview" style="text-align:justify; display:block;"><div>Designer iPad/Laptop Sleeve by Aura Bags Size Dimension 13.5 x 10.5 inches </div></div></div> </div>,,17:04:2014,
166426,dynomighty white unisex purses and wallets,http://www.yebhi.com/online-shopping/lifestyle/women.html?affint=women-topmenu,799,Accessories,purses-and-wallets,dynomighty,http://im6.ybndc.com/upload/166426/ProductRear635046778763077410.jpg,799,,Women,http://www.yebhi.com/166426/PD/dynomighty-white-unisex-purses-and-wallets.htm,yebhi.com,Dynomighty White Unisex - Purses and Wallets Buy Online,Dynomighty White Unisex - Purses and Wallets  Best Price Rs 799.00  EMI Rs 133 for 6 months FREE Shipping in 2 Days,None,<div class="product_detail_columns tinyscrl" itemprop="description" style=""><div class="scrollbar" style="width:2px; height:250px; background:#9E9E9E;"><div class="track" style="width:2px;"><div class="thumb" style="width:6px;"><div class="end"> </div></div></div></div><div class="viewport" style=" height:250px; width:252px; font-family:Arial !important;"><div class="overview" style="text-align:justify; display:block;"><div>This wallet features <b> your favourite breakfast that gives you a unique style </b>and is crafted out of <b>polyester</b> that makes it <b>tear-resistant  water-resistant  expandable</b> and <b>recyclable</b>. It features <b>multiple pockets</b> and <b>compartments</b> and lets you organize your cash and cards in the most stylish way. This makes great wallet for a slender silhouette is brought to you by <b>Dynomighty</b> and is a must addition in your collection.<br/><br/><b>Features</b><br/><ul style="margin-left: 20px;"><li type="disc"> Colour: White  Brown<br/></li><li type="disc"> For: Men  Women<br/></li><li type="disc"> Material: Polyester <br/></li><li type="disc"> Closure: Flap Style <br/></li><li type="disc"> Number of Compartments: 2<br/></li><li type="disc"> Usage: Casual  Formal<br/></li></ul><br/><b>Care Tips</b><br/>Wipe with clean dry cloth to remove dust<br/> Do not machine wash. </div></div></div> </div>,,17:04:2014,
166393,dynomighty unisex purses and wallets,http://www.yebhi.com/online-shopping/lifestyle/women.html?affint=women-topmenu,799,Accessories,purses-and-wallets,dynomighty,http://im6.ybndc.com/upload/166393/ProductRear635053709218087832.jpg,799,,Women,http://www.yebhi.com/166393/PD/dynomighty-unisex-purses-and-wallets.htm,yebhi.com,Dynomighty Unisex - Purses and Wallets Buy Online,Dynomighty Unisex - Purses and Wallets  Best Price Rs 799.00  EMI Rs 133 for 6 months FREE Shipping in 2 Days,None,<div class="product_detail_columns tinyscrl" itemprop="description" style=""><div class="scrollbar" style="width:2px; height:250px; background:#9E9E9E;"><div class="track" style="width:2px;"><div class="thumb" style="width:6px;"><div class="end"> </div></div></div></div><div class="viewport" style=" height:250px; width:252px; font-family:Arial !important;"><div class="overview" style="text-align:justify; display:block;"><div>This wallet with <b>printed collage of golden age of comics</b> on the exterior is crafted out of <b>polyester</b> that makes it <b>tear-resistant  water-resistant  expandable</b> and <b>recyclable</b>. It features <b>multiple pockets</b> and <b>compartments</b> and lets you organize your cash and cards in the most stylish way. This makes great wallet for a slender silhouette is brought to you by <b>Dynomighty</b> and is a must addition in your collection.<br/><br/><b>Features</b><br/><ul style="margin-left: 20px;"><li type="disc"> Colour: Multicolour<br/></li><li type="disc"> For: Men  Women<br/></li><li type="disc"> Material: Polyester <br/></li><li type="disc"> Closure: Flap Style <br/></li><li type="disc"> Number of Compartments: 2<br/></li><li type="disc"> Usage: Casual  Formal<br/></li></ul><br/><b>Care Tips</b><br/>Wipe with clean dry cloth to remove dust<br/> Do not machine wash. </div></div></div> </div>,,17:04:2014,
291136,dynomighty unisex purses and wallets,http://www.yebhi.com/online-shopping/lifestyle/women.html?affint=women-topmenu,799,Accessories,purses-and-wallets,dynomighty,http://im6.ybndc.com/upload/291136/ProductRear635041563098967154.jpg,799,,Women,http://www.yebhi.com/291136/PD/dynomighty-unisex-purses-and-wallets.htm,yebhi.com,Dynomighty Unisex - Purses and Wallets Buy Online,Dynomighty Unisex - Purses and Wallets  Best Price Rs 799.00  EMI Rs 133 for 6 months FREE Shipping in 2 Days,None,<div class="product_detail_columns tinyscrl" itemprop="description" style=""><div class="scrollbar" style="width:2px; height:250px; background:#9E9E9E;"><div class="track" style="width:2px;"><div class="thumb" style="width:6px;"><div class="end"> </div></div></div></div><div class="viewport" style=" height:250px; width:252px; font-family:Arial !important;"><div class="overview" style="text-align:justify; display:block;"><div>This wallet will hold your cash and cards in the most organized way. This stylish piece with <b>graffiti of all time favourite American shows</b> is crafted from<b>polyester</b> material that makes it <b>tear-resistant  water-resistant and expandable</b>. This <b>slim  lightweight and water resistant features</b>  you can take these cool wallets anywhere. They make great "night out" wallets for a slender silhouette. From the house of <b> Dynomighty</b>  this is a must addition to your collection.<b>Features</b><br><ul style="margin-left: 20px;"><li type="disc"> Colour: White  Red  Yellow  Blue</li></ul></br><li type="disc">Number of Compartments: 1 </li><li type="disc"> Material: Polyester</li><li type="disc"> Closure: Flap Style</li><li type="disc"> Pockets: 3</li><li type="disc"> Occasion: Casual</li><br><b>Care Tips</b><br>Wipe with clean dry cloth to remove dust. Do not machine wash. </br></br></div></div></div> </div>,,17:04:2014,
291166,dynomighty unisex purses and wallets,http://www.yebhi.com/online-shopping/lifestyle/women.html?affint=women-topmenu,599,Accessories,purses-and-wallets,dynomighty,http://im6.ybndc.com/upload/291166/ProductRear635041573858668126.jpg,599,,Women,http://www.yebhi.com/291166/PD/dynomighty-unisex-purses-and-wallets.htm,yebhi.com,Dynomighty Unisex - Purses and Wallets Buy Online,Dynomighty Unisex - Purses and Wallets  Best Price Rs 599.00  EMI Rs 100 for 6 months FREE Shipping in 2 Days,None,<div class="product_detail_columns tinyscrl" itemprop="description" style=""><div class="scrollbar" style="width:2px; height:250px; background:#9E9E9E;"><div class="track" style="width:2px;"><div class="thumb" style="width:6px;"><div class="end"> </div></div></div></div><div class="viewport" style=" height:250px; width:252px; font-family:Arial !important;"><div class="overview" style="text-align:justify; display:block;"><div>This stylish <b>mini wallet</b> in a <b>ring binder design</b> made out of <b>polyester</b> that eliminates stitching and is <b>water and stain resistant</b> yet <b>writable and long lasting</b>. Designed to become a best selling  this <b>ultra slim front pocket wallet</b> from the house of <b>Dynomighty</b> is a must in your collection. It lets you carry all your cards and cash in an organized way.<b>Features</b><br><ul style="margin-left: 20px;"><li type="disc"> Colour: White</li></ul></br><li type="disc"> Closure: Flap Style</li><li type="disc">Material: Polyester </li><li type="disc"> Compartments: 1</li><li type="disc"> Pockets: 8</li><li type="disc"> Occasion: Casual</li><br><b>Care Tips</b><br>Wipe with clean dry cloth to remove dust. Do not machine wash.  </br></br></div></div></div> </div>,,17:04:2014,
166450,dynomighty unisex purses and wallets,http://www.yebhi.com/online-shopping/lifestyle/women.html?affint=women-topmenu,799,Accessories,purses-and-wallets,dynomighty,http://im6.ybndc.com/upload/166450/ProductRear635046782277155936.jpg,799,,Women,http://www.yebhi.com/166450/PD/dynomighty-unisex-purses-and-wallets.htm,yebhi.com,Dynomighty Unisex - Purses and Wallets Buy Online,Dynomighty Unisex - Purses and Wallets  Best Price Rs 799.00  EMI Rs 133 for 6 months FREE Shipping in 2 Days,None,<div class="product_detail_columns tinyscrl" itemprop="description" style=""><div class="scrollbar" style="width:2px; height:250px; background:#9E9E9E;"><div class="track" style="width:2px;"><div class="thumb" style="width:6px;"><div class="end"> </div></div></div></div><div class="viewport" style=" height:250px; width:252px; font-family:Arial !important;"><div class="overview" style="text-align:justify; display:block;"><div>This wallet features <b> with the Union Jack flag design</b> and is crafted out of <b>polyester</b> that makes it <b>tear-resistant  water-resistant  expandable</b> and <b>recyclable</b>. It features <b>multiple pockets</b> and <b>compartments</b> and lets you organize your cash and cards in the most stylish way. This makes great wallet for a slender silhouette is brought to you by <b>Dynomighty</b> and is a must addition in your collection.<br/><br/><b>Features</b><br/><ul style="margin-left: 20px;"><li type="disc"> Colour: Red  Blue<br/></li><li type="disc"> For: Men  Women<br/></li><li type="disc"> Material: Polyester <br/></li><li type="disc"> Closure: Flap Style <br/></li><li type="disc"> Number of Compartments: 2<br/></li><li type="disc"> Usage: Casual  Formal<br/></li></ul><br/><b>Care Tips</b><br/>Wipe with clean dry cloth to remove dust<br/> Do not machine wash. </div></div></div> </div>,,17:04:2014,
166444,dynomighty unisex purses and wallets,http://www.yebhi.com/online-shopping/lifestyle/women.html?affint=women-topmenu,799,Accessories,purses-and-wallets,dynomighty,http://im6.ybndc.com/upload/166444/ProductRear635046780848810780.jpg,799,,Women,http://www.yebhi.com/166444/PD/dynomighty-unisex-purses-and-wallets.htm,yebhi.com,Dynomighty Unisex - Purses and Wallets Buy Online,Dynomighty Unisex - Purses and Wallets  Best Price Rs 799.00  EMI Rs 133 for 6 months FREE Shipping in 2 Days,None,<div class="product_detail_columns tinyscrl" itemprop="description" style=""><div class="scrollbar" style="width:2px; height:250px; background:#9E9E9E;"><div class="track" style="width:2px;"><div class="thumb" style="width:6px;"><div class="end"> </div></div></div></div><div class="viewport" style=" height:250px; width:252px; font-family:Arial !important;"><div class="overview" style="text-align:justify; display:block;"><div>This wallet features <b>Thank You and Enjoy in Chinese font </b>and is crafted out of <b>polyester</b> that makes it <b>tear-resistant  water-resistant  expandable</b> and <b>recyclable</b>. It features <b>multiple pockets</b> and <b>compartments</b> and lets you organize your cash and cards in the most stylish way. This makes great wallet for a slender silhouette is brought to you by <b>Dynomighty</b> and is a must addition in your collection.<br/><br/><b>Features</b><br/><ul style="margin-left: 20px;"><li type="disc"> Colour: Red  White<br/></li><li type="disc"> For: Men  Women<br/></li><li type="disc"> Material: Polyester <br/></li><li type="disc"> Closure: Flap Style <br/></li><li type="disc"> Number of Compartments: 2<br/></li><li type="disc"> Usage: Casual  Formal<br/></li></ul><br/><b>Care Tips</b><br/>Wipe with clean dry cloth to remove dust<br/> Do not machine wash. </div></div></div> </div>,,17:04:2014,
166418,dynomighty unisex purses and wallets,http://www.yebhi.com/online-shopping/lifestyle/women.html?affint=women-topmenu,799,Accessories,purses-and-wallets,dynomighty,http://im6.ybndc.com/upload/166418/ProductRear635046776524619061.jpg,799,,Women,http://www.yebhi.com/166418/PD/dynomighty-unisex-purses-and-wallets.htm,yebhi.com,Dynomighty Unisex - Purses and Wallets Buy Online,Dynomighty Unisex - Purses and Wallets  Best Price Rs 799.00  EMI Rs 133 for 6 months FREE Shipping in 2 Days,None,<div class="product_detail_columns tinyscrl" itemprop="description" style=""><div class="scrollbar" style="width:2px; height:250px; background:#9E9E9E;"><div class="track" style="width:2px;"><div class="thumb" style="width:6px;"><div class="end"> </div></div></div></div><div class="viewport" style=" height:250px; width:252px; font-family:Arial !important;"><div class="overview" style="text-align:justify; display:block;"><div>This wallet features <b> hand written sheet music is sure to please any music lover </b>and is crafted out of <b>polyester</b> that makes it <b>tear-resistant  water-resistant  expandable</b> and <b>recyclable</b>. It features <b>multiple pockets</b> and <b>compartments</b> and lets you organize your cash and cards in the most stylish way. This makes great wallet for a slender silhouette is brought to you by <b>Dynomighty</b> and is a must addition in your collection.<br/><br/><b>Features</b><br/><ul style="margin-left: 20px;"><li type="disc"> Colour: White  Blue<br/></li><li type="disc"> For: Men  Women<br/></li><li type="disc"> Material: Polyester <br/></li><li type="disc"> Closure: Flap Style <br/></li><li type="disc"> Number of Compartments: 2<br/></li><li type="disc"> Usage: Casual  Formal<br/></li></ul><br/><b>Care Tips</b><br/>Wipe with clean dry cloth to remove dust<br/> Do not machine wash. </div></div></div> </div>,,17:04:2014,
166447,dynomighty unisex purses and wallets,http://www.yebhi.com/online-shopping/lifestyle/women.html?affint=women-topmenu,799,Accessories,purses-and-wallets,dynomighty,http://im6.ybndc.com/upload/166447/ProductRear635046781531159154.jpg,799,,Women,http://www.yebhi.com/166447/PD/dynomighty-unisex-purses-and-wallets.htm,yebhi.com,Dynomighty Unisex - Purses and Wallets Buy Online,Dynomighty Unisex - Purses and Wallets  Best Price Rs 799.00  EMI Rs 133 for 6 months FREE Shipping in 2 Days,None,<div class="product_detail_columns tinyscrl" itemprop="description" style=""><div class="scrollbar" style="width:2px; height:250px; background:#9E9E9E;"><div class="track" style="width:2px;"><div class="thumb" style="width:6px;"><div class="end"> </div></div></div></div><div class="viewport" style=" height:250px; width:252px; font-family:Arial !important;"><div class="overview" style="text-align:justify; display:block;"><div>This wallet is simple and thin and is crafted out of polyester is tear-resistant  water-resistant  expandable and recyclable. It features multiple pockets and compartments and lets you organize your cash and cards in the most stylish way. This makes great wallet for a slender silhouette and is a must addition in your collection.<br/><br/><b>Features</b><br/><ul style="margin-left: 20px;"><li type="disc"> Colour: White<br/></li><li type="disc"> For: Men<br/></li><li type="disc"> Material: Polyester <br/></li><li type="disc"> Closure: Flap Style <br/></li><li type="disc"> Number of Compartments: 2<br/></li><li type="disc"> Usage: Casual  Formal<br/></li></ul><br/><b>Care Tips</b><br/>Wipe with clean dry cloth to remove dust<br/> Do not machine wash. </div></div></div> </div>,,17:04:2014,
291138,dynomighty black unisex purses and wallets,http://www.yebhi.com/online-shopping/lifestyle/women.html?affint=women-topmenu,799,Accessories,purses-and-wallets,dynomighty,http://im6.ybndc.com/upload/291138/ProductRear635041563756355368.jpg,799,,Women,http://www.yebhi.com/291138/PD/dynomighty-black-unisex-purses-and-wallets.htm,yebhi.com,Dynomighty Black Unisex - Purses and Wallets Buy Online,Dynomighty Black Unisex - Purses and Wallets  Best Price Rs 799.00  EMI Rs 133 for 6 months FREE Shipping in 2 Days,None,<div class="product_detail_columns tinyscrl" itemprop="description" style=""><div class="scrollbar" style="width:2px; height:250px; background:#9E9E9E;"><div class="track" style="width:2px;"><div class="thumb" style="width:6px;"><div class="end"> </div></div></div></div><div class="viewport" style=" height:250px; width:252px; font-family:Arial !important;"><div class="overview" style="text-align:justify; display:block;"><div>This <b>tear-resistant  water-resistant and expandable</b> wallet from the house of <b>Dynomighty</b> is made out of <b>polyester</b> and is long lasting. The <b>stitch less design</b> in this wallet reinforces the materials own strength and allows these very slim wallets to instantly expand and adapt to your own personal <b>storage needs</b>.<b>Features</b><br><ul style="margin-left: 20px;"><li type="disc"> Colour: Black  White</li></ul></br><li type="disc"> Closure: Flap Style</li><li type="disc">Material: Polyester </li><li type="disc"> Compartments: 1</li><li type="disc"> Pockets: Multi</li><li type="disc"> Occasion: Casual</li><br><b>Care Tips</b><br>Wipe with clean dry cloth to remove dust. Do not machine wash.  </br></br></div></div></div> </div>,,17:04:2014,
166392,dynomighty yellow unisex purses and wallets,http://www.yebhi.com/online-shopping/lifestyle/women.html?affint=women-topmenu,799,Accessories,purses-and-wallets,dynomighty,http://im6.ybndc.com/upload/166392/ProductRear635053708643848151.jpg,799,,Women,http://www.yebhi.com/166392/PD/dynomighty-yellow-unisex-purses-and-wallets.htm,yebhi.com,Dynomighty Yellow Unisex - Purses and Wallets Buy Online,Dynomighty Yellow Unisex - Purses and Wallets  Best Price Rs 799.00  EMI Rs 133 for 6 months FREE Shipping in 2 Days,None,<div class="product_detail_columns tinyscrl" itemprop="description" style=""><div class="scrollbar" style="width:2px; height:250px; background:#9E9E9E;"><div class="track" style="width:2px;"><div class="thumb" style="width:6px;"><div class="end"> </div></div></div></div><div class="viewport" style=" height:250px; width:252px; font-family:Arial !important;"><div class="overview" style="text-align:justify; display:block;"><div>This wallet is a blend of <b>vibrant</b> and <b>peppy colours</b> and is crafted out of <b>polyester</b> that makes it <b>tear-resistant  water-resistant  expandable</b> and <b>recyclable</b>. It features <b>multiple pockets</b> and <b>compartments</b> and lets you organize your cash and cards in the most stylish way. This makes great wallet for a slender silhouette is brought to you by <b>Dynomighty</b> and is a must addition in your collection.<br/><br/><b>Features</b><br/><ul style="margin-left: 20px;"><li type="disc"> Colour: Blue  Pink  Yellow  Black  White<br/></li><li type="disc"> For: Men  Women<br/></li><li type="disc"> Material: Polyester <br/></li><li type="disc"> Closure: Flap Style <br/></li><li type="disc"> Number of Compartments: 2<br/></li><li type="disc"> Usage: Casual  Formal<br/></li></ul><br/><b>Care Tips</b><br/>Wipe with clean dry cloth to remove dust<br/> Do not machine wash. </div></div></div> </div>,,17:04:2014,
291145,dynomighty unisex purses and wallets,http://www.yebhi.com/online-shopping/lifestyle/women.html?affint=women-topmenu,799,Accessories,purses-and-wallets,dynomighty,http://im6.ybndc.com/upload/291145/ProductRear635041566041614017.jpg,799,,Women,http://www.yebhi.com/291145/PD/dynomighty-unisex-purses-and-wallets.htm,yebhi.com,Dynomighty Unisex - Purses and Wallets Buy Online,Dynomighty Unisex - Purses and Wallets  Best Price Rs 799.00  EMI Rs 133 for 6 months FREE Shipping in 2 Days,None,<div class="product_detail_columns tinyscrl" itemprop="description" style=""><div class="scrollbar" style="width:2px; height:250px; background:#9E9E9E;"><div class="track" style="width:2px;"><div class="thumb" style="width:6px;"><div class="end"> </div></div></div></div><div class="viewport" style=" height:250px; width:252px; font-family:Arial !important;"><div class="overview" style="text-align:justify; display:block;"><div>This wallet will hold your cash and cards in the most organized way. This stylish piece with <b>beer print</b> is crafted from <b>polyester</b> material that makes it <b>tear-resistant  water-resistant and expandable</b>. This <b>slim  lightweight and water resistant features</b>  you can take these cool wallets anywhere. They make great "night out" wallets for a slender silhouette. From the house of <b> Dynomighty</b>  this is a must addition to your collection.<b>Features</b><br><ul style="margin-left: 20px;"><li type="disc"> Colour: Orange</li></ul></br><li type="disc">Number of Compartments: 1 </li><li type="disc"> Material: Polyester</li><li type="disc"> Closure: Flap Style</li><li type="disc"> Pockets: 3</li><li type="disc"> Occasion: Casual</li><br><b>Care Tips</b><br>Wipe with clean dry cloth to remove dust. Do not machine wash. </br></br></div></div></div> </div>,,17:04:2014,
291157,dynomighty unisex purses and wallets,http://www.yebhi.com/online-shopping/lifestyle/women.html?affint=women-topmenu,799,Accessories,purses-and-wallets,dynomighty,http://im6.ybndc.com/upload/291157/ProductRear635041570634907461.jpg,799,,Women,http://www.yebhi.com/291157/PD/dynomighty-unisex-purses-and-wallets.htm,yebhi.com,Dynomighty Unisex - Purses and Wallets Buy Online,Dynomighty Unisex - Purses and Wallets  Best Price Rs 799.00  EMI Rs 133 for 6 months FREE Shipping in 2 Days,None,<div class="product_detail_columns tinyscrl" itemprop="description" style=""><div class="scrollbar" style="width:2px; height:250px; background:#9E9E9E;"><div class="track" style="width:2px;"><div class="thumb" style="width:6px;"><div class="end"> </div></div></div></div><div class="viewport" style=" height:250px; width:252px; font-family:Arial !important;"><div class="overview" style="text-align:justify; display:block;"><div><b>  I LOVE NY</b> is what this wallet speaks out loud. This in vogue and trendy wallet is crafted from <b>polyester</b> material that makes it <b>tear-resistant  water-resistant and expandable</b>. This <b>slim  lightweight and water resistant features</b>  you can take these cool wallets anywhere. This makes a great "night out" wallet for a slender silhouette. From the house of <b> Dynomighty</b>  this is a must addition to your collection.<b>Features</b><br><ul style="margin-left: 20px;"><li type="disc"> Colour: White</li></ul></br><li type="disc">Number of Compartments: 1 </li><li type="disc"> Material: Polyester</li><li type="disc"> Closure: Flap Style</li><li type="disc"> Pockets: 3</li><li type="disc"> Occasion: Casual</li><br><b>Care Tips</b><br>Wipe with clean dry cloth to remove dust. Do not machine wash. </br></br></div></div></div> </div>,,17:04:2014,
291172,dynomighty unisex purses and wallets,http://www.yebhi.com/online-shopping/lifestyle/women.html?affint=women-topmenu,599,Accessories,purses-and-wallets,dynomighty,http://im6.ybndc.com/upload/291172/ProductRear635041584842542535.jpg,599,,Women,http://www.yebhi.com/291172/PD/dynomighty-unisex-purses-and-wallets.htm,yebhi.com,Dynomighty Unisex - Purses and Wallets Buy Online,Dynomighty Unisex - Purses and Wallets  Best Price Rs 599.00  EMI Rs 100 for 6 months FREE Shipping in 2 Days,None,<div class="product_detail_columns tinyscrl" itemprop="description" style=""><div class="scrollbar" style="width:2px; height:250px; background:#9E9E9E;"><div class="track" style="width:2px;"><div class="thumb" style="width:6px;"><div class="end"> </div></div></div></div><div class="viewport" style=" height:250px; width:252px; font-family:Arial !important;"><div class="overview" style="text-align:justify; display:block;"><div>Uniquely in fashion  this mini wallet is made out of <b>polyester</b> that eliminates stitching and is <b>water and stain resistant</b> yet <b>writable and long lasting</b>. Designed to become a best selling  this <b>ultra slim front pocket wallet</b> from the house of <b>Dynomighty</b> is a must in your collection. It lets you carry all your cards and cash in an organized way.<b>Features</b><br><ul style="margin-left: 20px;"><li type="disc"> Colour: Brown</li></ul></br><li type="disc"> Closure: Flap Style</li><li type="disc">Material: Polyester </li><li type="disc"> Compartments: 1</li><li type="disc"> Pockets: 8</li><li type="disc"> Occasion: Casual</li><br><b>Care Tips</b><br>Wipe with clean dry cloth to remove dust. Do not machine wash.  </br></br></div></div></div> </div>,,17:04:2014,
291168,dynomighty unisex purses and wallets,http://www.yebhi.com/online-shopping/lifestyle/women.html?affint=women-topmenu,599,Accessories,purses-and-wallets,dynomighty,http://im6.ybndc.com/upload/291168/ProductRear635041576594925666.jpg,599,,Women,http://www.yebhi.com/291168/PD/dynomighty-unisex-purses-and-wallets.htm,yebhi.com,Dynomighty Unisex - Purses and Wallets Buy Online,Dynomighty Unisex - Purses and Wallets  Best Price Rs 599.00  EMI Rs 100 for 6 months FREE Shipping in 2 Days,None,<div class="product_detail_columns tinyscrl" itemprop="description" style=""><div class="scrollbar" style="width:2px; height:250px; background:#9E9E9E;"><div class="track" style="width:2px;"><div class="thumb" style="width:6px;"><div class="end"> </div></div></div></div><div class="viewport" style=" height:250px; width:252px; font-family:Arial !important;"><div class="overview" style="text-align:justify; display:block;"><div>This revolutionary <b>mini wallet</b> in a <b>digital green colour</b> made out of <b>polyester</b> that eliminates stitching and is <b>water and stain resistant</b> yet <b>writable and long lasting</b>. Designed to become a best selling  this <b>ultra slim front pocket wallet</b> from the house of <b>Dynomighty</b> is a must in your collection. It lets you carry all your cards and cash in an organized way.<b>Features</b><br><ul style="margin-left: 20px;"><li type="disc"> Colour: Green</li></ul></br><li type="disc"> Closure: Flap Style</li><li type="disc">Material: Polyester </li><li type="disc"> Compartments: 1</li><li type="disc"> Pockets: 8</li><li type="disc"> Occasion: Casual</li><br><b>Care Tips</b><br>Wipe with clean dry cloth to remove dust. Do not machine wash.  </br></br></div></div></div> </div>,,17:04:2014,
291162,dynomighty unisex purses and wallets,http://www.yebhi.com/online-shopping/lifestyle/women.html?affint=women-topmenu,799,Accessories,purses-and-wallets,dynomighty,http://im6.ybndc.com/upload/291162/ProductRear635041571540337265.jpg,799,,Women,http://www.yebhi.com/291162/PD/dynomighty-unisex-purses-and-wallets.htm,yebhi.com,Dynomighty Unisex - Purses and Wallets Buy Online,Dynomighty Unisex - Purses and Wallets  Best Price Rs 799.00  EMI Rs 133 for 6 months FREE Shipping in 2 Days,None,<div class="product_detail_columns tinyscrl" itemprop="description" style=""><div class="scrollbar" style="width:2px; height:250px; background:#9E9E9E;"><div class="track" style="width:2px;"><div class="thumb" style="width:6px;"><div class="end"> </div></div></div></div><div class="viewport" style=" height:250px; width:252px; font-family:Arial !important;"><div class="overview" style="text-align:justify; display:block;"><div>This wallet in a blend of cool colours adds style to your look and lets you organize all your cash and cards in the most stylish way. This in vogue and trendy wallet is crafted from <b>polyester</b> material that makes it <b>tear-resistant  water-resistant and expandable</b>. This <b>slim  lightweight and water resistant features</b>  you can take these cool wallets anywhere. This makes a great "night out" wallet for a slender silhouette. From the house of <b> Dynomighty</b>  this is a must addition to your collection.<b>Features</b><br><ul style="margin-left: 20px;"><li type="disc"> Colour: Multicolour</li></ul></br><li type="disc">Number of Compartments: 1 </li><li type="disc"> Material: Polyester</li><li type="disc"> Closure: Flap Style</li><li type="disc"> Pockets: 3</li><li type="disc"> Occasion: Casual</li><br><b>Care Tips</b><br>Wipe with clean dry cloth to remove dust. Do not machine wash. </br></br></div></div></div> </div>,,17:04:2014,
166406,dynomighty pink unisex purses and wallets,http://www.yebhi.com/online-shopping/lifestyle/women.html?affint=women-topmenu,799,Accessories,purses-and-wallets,dynomighty,http://im6.ybndc.com/upload/166406/ProductRear635053710118213602.jpg,799,,Women,http://www.yebhi.com/166406/PD/dynomighty-pink-unisex-purses-and-wallets.htm,yebhi.com,Dynomighty Pink Unisex - Purses and Wallets Buy Online,Dynomighty Pink Unisex - Purses and Wallets  Best Price Rs 799.00  EMI Rs 133 for 6 months FREE Shipping in 2 Days,None,<div class="product_detail_columns tinyscrl" itemprop="description" style=""><div class="scrollbar" style="width:2px; height:250px; background:#9E9E9E;"><div class="track" style="width:2px;"><div class="thumb" style="width:6px;"><div class="end"> </div></div></div></div><div class="viewport" style=" height:250px; width:252px; font-family:Arial !important;"><div class="overview" style="text-align:justify; display:block;"><div>This wallet features <b> original illustration of Ingrid Mourreau has a dream like appeal </b>and is crafted out of <b>polyester</b> that makes it <b>tear-resistant  water-resistant  expandable</b> and <b>recyclable</b>. It features <b>multiple pockets</b> and <b>compartments</b> and lets you organize your cash and cards in the most stylish way. This makes great wallet for a slender silhouette is brought to you by <b>Dynomighty</b> and is a must addition in your collection.<br/><br/><b>Features</b><br/><ul style="margin-left: 20px;"><li type="disc"> Colour: Pink  Black<br/></li><li type="disc"> For: Men  Women<br/></li><li type="disc"> Material: Polyester <br/></li><li type="disc"> Closure: Flap Style <br/></li><li type="disc"> Number of Compartments: 2<br/></li><li type="disc"> Usage: Casual  Formal<br/></li></ul><br/><b>Care Tips</b><br/>Wipe with clean dry cloth to remove dust<br/> Do not machine wash. </div></div></div> </div>,,17:04:2014,
166401,dynomighty unisex purses and wallets,http://www.yebhi.com/online-shopping/lifestyle/women.html?affint=women-topmenu,799,Accessories,purses-and-wallets,dynomighty,http://im6.ybndc.com/upload/166401/ProductRear635046774234836383.jpg,799,,Women,http://www.yebhi.com/166401/PD/dynomighty-unisex-purses-and-wallets.htm,yebhi.com,Dynomighty Unisex - Purses and Wallets Buy Online,Dynomighty Unisex - Purses and Wallets  Best Price Rs 799.00  EMI Rs 133 for 6 months FREE Shipping in 2 Days,None,<div class="product_detail_columns tinyscrl" itemprop="description" style=""><div class="scrollbar" style="width:2px; height:250px; background:#9E9E9E;"><div class="track" style="width:2px;"><div class="thumb" style="width:6px;"><div class="end"> </div></div></div></div><div class="viewport" style=" height:250px; width:252px; font-family:Arial !important;"><div class="overview" style="text-align:justify; display:block;"><div>This wallet has an exterior printed with the <b>first 2940 digits</b> of the calculation in the <b>classic dot matrix printer font</b> on standard blue bar <b>fan-fold paper complete with tractor holes</b>! and is crafted out of <b>polyester</b> that makes it <b>tear-resistant  water-resistant  expandable</b> and <b>recyclable</b>. It features <b>multiple pockets</b> and <b>compartments</b> and lets you organize your cash and cards in the most stylish way. This makes great wallet for a slender silhouette is brought to you by <b>Dynomighty</b> and is a must addition in your collection.<br/><br/><b>Features</b><br/><ul style="margin-left: 20px;"><li type="disc"> Colour: Blue  White<br/></li><li type="disc"> For: Men  Women<br/></li><li type="disc"> Material: Polyester <br/></li><li type="disc"> Closure: Flap Style <br/></li><li type="disc"> Number of Compartments: 2<br/></li><li type="disc"> Usage: Casual  Formal<br/></li></ul><br/><b>Care Tips</b><br/>Wipe with clean dry cloth to remove dust<br/> Do not machine wash. </div></div></div> </div>,,17:04:2014,
166407,dynomighty white unisex purses and wallets,http://www.yebhi.com/online-shopping/lifestyle/women.html?affint=women-topmenu,799,Accessories,purses-and-wallets,dynomighty,http://im6.ybndc.com/upload/166407/ProductRear635046775286283123.jpg,799,,Women,http://www.yebhi.com/166407/PD/dynomighty-white-unisex-purses-and-wallets.htm,yebhi.com,Dynomighty White Unisex - Purses and Wallets Buy Online,Dynomighty White Unisex - Purses and Wallets  Best Price Rs 799.00  EMI Rs 133 for 6 months FREE Shipping in 2 Days,None,<div class="product_detail_columns tinyscrl" itemprop="description" style=""><div class="scrollbar" style="width:2px; height:250px; background:#9E9E9E;"><div class="track" style="width:2px;"><div class="thumb" style="width:6px;"><div class="end"> </div></div></div></div><div class="viewport" style=" height:250px; width:252px; font-family:Arial !important;"><div class="overview" style="text-align:justify; display:block;"><div>This wallet features <b> graffiti from the streets of New york City </b>and is crafted out of <b>polyester</b> that makes it <b>tear-resistant  water-resistant  expandable</b> and <b>recyclable</b>. It features <b>multiple pockets</b> and <b>compartments</b> and lets you organize your cash and cards in the most stylish way. This makes great wallet for a slender silhouette is brought to you by <b>Dynomighty</b> and is a must addition in your collection.<br/><br/><b>Features</b><br/><ul style="margin-left: 20px;"><li type="disc"> Colour: White  Blue<br/></li><li type="disc"> For: Men  Women<br/></li><li type="disc"> Material: Polyester <br/></li><li type="disc"> Closure: Flap Style <br/></li><li type="disc"> Number of Compartments: 2<br/></li><li type="disc"> Usage: Casual  Formal<br/></li></ul><br/><b>Care Tips</b><br/>Wipe with clean dry cloth to remove dust<br/> Do not machine wash. </div></div></div> </div>,,17:04:2014,
291155,dynomighty unisex purses and wallets,http://www.yebhi.com/online-shopping/lifestyle/women.html?affint=women-topmenu,799,Accessories,purses-and-wallets,dynomighty,http://im6.ybndc.com/upload/291155/ProductRear635041569513104270.jpg,799,,Women,http://www.yebhi.com/291155/PD/dynomighty-unisex-purses-and-wallets.htm,yebhi.com,Dynomighty Unisex - Purses and Wallets Buy Online,Dynomighty Unisex - Purses and Wallets  Best Price Rs 799.00  EMI Rs 133 for 6 months FREE Shipping in 2 Days,None,<div class="product_detail_columns tinyscrl" itemprop="description" style=""><div class="scrollbar" style="width:2px; height:250px; background:#9E9E9E;"><div class="track" style="width:2px;"><div class="thumb" style="width:6px;"><div class="end"> </div></div></div></div><div class="viewport" style=" height:250px; width:252px; font-family:Arial !important;"><div class="overview" style="text-align:justify; display:block;"><div>Spread a positive environment around you with this <b>Stay Optimistic</b> wallet. This in vogue and trendy wallet is crafted from <b>polyester</b> material that makes it <b>tear-resistant  water-resistant and expandable</b>. This <b>slim  lightweight and water resistant features</b>  you can take these cool wallets anywhere. This makes a great "night out" wallet for a slender silhouette. From the house of <b> Dynomighty</b>  this is a must addition to your collection.<b>Features</b><br><ul style="margin-left: 20px;"><li type="disc"> Colour: Black</li></ul></br><li type="disc">Number of Compartments: 1</li><li type="disc"> Material: Polyester</li><li type="disc"> Closure: Flap Style</li><li type="disc"> Pockets: 3</li><li type="disc"> Occasion: Casual</li><br><b>Care Tips</b><br>Wipe with clean dry cloth to remove dust. Do not machine wash. </br></br></div></div></div> </div>,,17:04:2014,
291160,dynomighty pink unisex purses and wallets,http://www.yebhi.com/online-shopping/lifestyle/women.html?affint=women-topmenu,799,Accessories,purses-and-wallets,dynomighty,http://im6.ybndc.com/upload/291160/ProductRear635147640870864000.jpg,799,,Women,http://www.yebhi.com/291160/PD/dynomighty-pink-unisex-purses-and-wallets.htm,yebhi.com,Dynomighty Pink Unisex - Purses and Wallets Buy Online,Dynomighty Pink Unisex - Purses and Wallets  Best Price Rs 799.00  EMI Rs 133 for 6 months FREE Shipping in 2 Days,None,<div class="product_detail_columns tinyscrl" itemprop="description" style=""><div class="scrollbar" style="width:2px; height:250px; background:#9E9E9E;"><div class="track" style="width:2px;"><div class="thumb" style="width:6px;"><div class="end"> </div></div></div></div><div class="viewport" style=" height:250px; width:252px; font-family:Arial !important;"><div class="overview" style="text-align:justify; display:block;"><div>This wallet features a <b>Euro print</b> and is crafted out of polyester that makes it tear-resistant  water-resistant  expandable and recyclable. It features multiple pockets and compartments and lets you organize your cash and cards in the most stylish way. This makes great wallet for a slender silhouette is brought to you by Dynomighty and is a must addition in your collection.<b>Features</b><ul style="margin-left: 20px;"><li type="disc"><b>Brand:</b> Dynomighty<li type="disc"><b>Type:</b> Wallet<li type="disc"><b>For:</b> Men/Women<li type="disc"><b>Material:</b> Polyester<li type="disc"><b>Closure:</b> Flap style<li type="disc"><b>Card Slot:</b> Yes<li type="disc"><b>Slip Pocket:</b> Yes<li type="disc"><b>Compartment:</b> 1<li type="disc"><b>Colour:</b> Pink</li></li></li></li></li></li></li></li></li></ul><b>Care Tips</b><br/>  Wipe with clean dry cloth to remove dust.<br> Do not machine wash. </br></div></div></div> </div>,,17:04:2014,
166413,dynomighty white unisex purses and wallets,http://www.yebhi.com/online-shopping/lifestyle/women.html?affint=women-topmenu,799,Accessories,purses-and-wallets,dynomighty,http://im6.ybndc.com/upload/166413/ProductRear635046776147252642.jpg,799,,Women,http://www.yebhi.com/166413/PD/dynomighty-white-unisex-purses-and-wallets.htm,yebhi.com,Dynomighty White Unisex - Purses and Wallets Buy Online,Dynomighty White Unisex - Purses and Wallets  Best Price Rs 799.00  EMI Rs 133 for 6 months FREE Shipping in 2 Days,None,<div class="product_detail_columns tinyscrl" itemprop="description" style=""><div class="scrollbar" style="width:2px; height:250px; background:#9E9E9E;"><div class="track" style="width:2px;"><div class="thumb" style="width:6px;"><div class="end"> </div></div></div></div><div class="viewport" style=" height:250px; width:252px; font-family:Arial !important;"><div class="overview" style="text-align:justify; display:block;"><div>This wallet features <b> comic graphics in airline safety manuals </b>and is crafted out of <b>polyester</b> that makes it <b>tear-resistant  water-resistant  expandable</b> and <b>recyclable</b>. It features <b>multiple pockets</b> and <b>compartments</b> and lets you organize your cash and cards in the most stylish way. This makes great wallet for a slender silhouette is brought to you by <b>Dynomighty</b> and is a must addition in your collection.<br/><br/><b>Features</b><br/><ul style="margin-left: 20px;"><li type="disc"> Colour: Multicolour<br/></li><li type="disc"> For: Men  Women<br/></li><li type="disc"> Material: Polyester <br/></li><li type="disc"> Closure: Flap Style <br/></li><li type="disc"> Number of Compartments: 2<br/></li><li type="disc"> Usage: Casual  Formal<br/></li></ul><br/><b>Care Tips</b><br/>Wipe with clean dry cloth to remove dust<br/> Do not machine wash. </div></div></div> </div>,,17:04:2014,
166398,dynomighty silver unisex purses and wallets,http://www.yebhi.com/online-shopping/lifestyle/women.html?affint=women-topmenu,799,Accessories,purses-and-wallets,dynomighty,http://im6.ybndc.com/upload/166398/ProductRear635046773829545785.jpg,799,,Women,http://www.yebhi.com/166398/PD/dynomighty-silver-unisex-purses-and-wallets.htm,yebhi.com,Dynomighty Silver Unisex - Purses and Wallets Buy Online,Dynomighty Silver Unisex - Purses and Wallets  Best Price Rs 799.00  EMI Rs 133 for 6 months FREE Shipping in 2 Days,None,<div class="product_detail_columns tinyscrl" itemprop="description" style=""><div class="scrollbar" style="width:2px; height:250px; background:#9E9E9E;"><div class="track" style="width:2px;"><div class="thumb" style="width:6px;"><div class="end"> </div></div></div></div><div class="viewport" style=" height:250px; width:252px; font-family:Arial !important;"><div class="overview" style="text-align:justify; display:block;"><div>This wallet features a <b>diamond plate design</b> that has an industrial look and is crafted out of <b>polyester</b> that makes it <b>tear-resistant  water-resistant  expandable</b> and <b>recyclable</b>. It features <b>multiple pockets</b> and <b>compartments</b> and lets you organize your cash and cards in the most stylish way. This makes great wallet for a slender silhouette is brought to you by <b>Dynomighty</b> and is a must addition in your collection.<br/><br/><b>Features</b><br/><ul style="margin-left: 20px;"><li type="disc"> Colour: Black<br/></li><li type="disc"> For: Men  Women<br/></li><li type="disc"> Material: Polyester <br/></li><li type="disc"> Closure: Flap Style <br/></li><li type="disc"> Number of Compartments: 2<br/></li><li type="disc"> Usage: Casual  Formal<br/></li></ul><br/><b>Care Tips</b><br/>Wipe with clean dry cloth to remove dust<br/> Do not machine wash. </div></div></div> </div>,,17:04:2014,
166403,dynomighty white unisex purses and wallets,http://www.yebhi.com/online-shopping/lifestyle/women.html?affint=women-topmenu,799,Accessories,purses-and-wallets,dynomighty,http://im6.ybndc.com/upload/166403/ProductRear635053709881092082.jpg,799,,Women,http://www.yebhi.com/166403/PD/dynomighty-white-unisex-purses-and-wallets.htm,yebhi.com,Dynomighty White Unisex - Purses and Wallets Buy Online,Dynomighty White Unisex - Purses and Wallets  Best Price Rs 799.00  EMI Rs 133 for 6 months FREE Shipping in 2 Days,None,<div class="product_detail_columns tinyscrl" itemprop="description" style=""><div class="scrollbar" style="width:2px; height:250px; background:#9E9E9E;"><div class="track" style="width:2px;"><div class="thumb" style="width:6px;"><div class="end"> </div></div></div></div><div class="viewport" style=" height:250px; width:252px; font-family:Arial !important;"><div class="overview" style="text-align:justify; display:block;"><div>This wallet features <b>beautiful Alaskan glacial areas </b>and is crafted out of <b>polyester</b> that makes it <b>tear-resistant  water-resistant  expandable</b> and <b>recyclable</b>. It features <b>multiple pockets</b> and <b>compartments</b> and lets you organize your cash and cards in the most stylish way. This makes great wallet for a slender silhouette is brought to you by <b>Dynomighty</b> and is a must addition in your collection.<br/><br/><b>Features</b><br/><ul style="margin-left: 20px;"><li type="disc"> Colour: Blue  Green  White<br/></li><li type="disc"> For: Men  Women<br/></li><li type="disc"> Material: Polyester <br/></li><li type="disc"> Closure: Flap Style <br/></li><li type="disc"> Number of Compartments: 2<br/></li><li type="disc"> Usage: Casual  Formal<br/></li></ul><br/><b>Care Tips</b><br/>Wipe with clean dry cloth to remove dust<br/> Do not machine wash. </div></div></div> </div>,,17:04:2014,
166445,dynomighty beige unisex purses and wallets,http://www.yebhi.com/online-shopping/lifestyle/women.html?affint=women-topmenu,799,Accessories,purses-and-wallets,dynomighty,http://im6.ybndc.com/upload/166445/ProductRear635046781177036884.jpg,799,,Women,http://www.yebhi.com/166445/PD/dynomighty-beige-unisex-purses-and-wallets.htm,yebhi.com,Dynomighty Beige Unisex - Purses and Wallets Buy Online,Dynomighty Beige Unisex - Purses and Wallets  Best Price Rs 799.00  EMI Rs 133 for 6 months FREE Shipping in 2 Days,None,<div class="product_detail_columns tinyscrl" itemprop="description" style=""><div class="scrollbar" style="width:2px; height:250px; background:#9E9E9E;"><div class="track" style="width:2px;"><div class="thumb" style="width:6px;"><div class="end"> </div></div></div></div><div class="viewport" style=" height:250px; width:252px; font-family:Arial !important;"><div class="overview" style="text-align:justify; display:block;"><div>This wallet features <b> tattoo flash art </b>and is crafted out of <b>polyester</b> that makes it <b>tear-resistant  water-resistant  expandable</b> and <b>recyclable</b>. It features <b>multiple pockets</b> and <b>compartments</b> and lets you organize your cash and cards in the most stylish way. This makes great wallet for a slender silhouette is brought to you by <b>Dynomighty</b> and is a must addition in your collection.<br/><br/><b>Features</b><br/><ul style="margin-left: 20px;"><li type="disc"> Colour: Beige  Blue  Red<br/></li><li type="disc"> For: Men  Women<br/></li><li type="disc"> Material: Polyester <br/></li><li type="disc"> Closure: Flap Style <br/></li><li type="disc"> Number of Compartments: 2<br/></li><li type="disc"> Usage: Casual  Formal<br/></li></ul><br/><b>Care Tips</b><br/>Wipe with clean dry cloth to remove dust<br/> Do not machine wash. </div></div></div> </div>,,17:04:2014,
291164,dynomighty unisex purses and wallets,http://www.yebhi.com/online-shopping/lifestyle/women.html?affint=women-topmenu,599,Accessories,purses-and-wallets,dynomighty,http://im6.ybndc.com/upload/291164/ProductRear635041573090831204.jpg,599,,Women,http://www.yebhi.com/291164/PD/dynomighty-unisex-purses-and-wallets.htm,yebhi.com,Dynomighty Unisex - Purses and Wallets Buy Online,Dynomighty Unisex - Purses and Wallets  Best Price Rs 599.00  EMI Rs 100 for 6 months FREE Shipping in 2 Days,None,<div class="product_detail_columns tinyscrl" itemprop="description" style=""><div class="scrollbar" style="width:2px; height:250px; background:#9E9E9E;"><div class="track" style="width:2px;"><div class="thumb" style="width:6px;"><div class="end"> </div></div></div></div><div class="viewport" style=" height:250px; width:252px; font-family:Arial !important;"><div class="overview" style="text-align:justify; display:block;"><div>This <b>mini wallet</b> made out of <b>polyester</b> is <b>water and stain resistant</b> yet <b>writable and long lasting</b>. Designed to become a best selling  this <b>ultra slim front pocket wallet</b> from the house of <b>Dynomighty</b> is a must in your collection. It lets you carry all your cards and cash in an organized way.<b>Features</b><br><ul style="margin-left: 20px;"><li type="disc"> Colour: Black</li></ul></br><li type="disc"> Closure: Flap Style</li><li type="disc">Material: Polyester </li><li type="disc"> Compartments: 1</li><li type="disc"> Pockets: 8</li><li type="disc"> Occasion: Casual</li><br><b>Care Tips</b><br>Wipe with clean dry cloth to remove dust. Do not machine wash.  </br></br></div></div></div> </div>,,17:04:2014,
291156,dynomighty unisex purses and wallets,http://www.yebhi.com/online-shopping/lifestyle/women.html?affint=women-topmenu,799,Accessories,purses-and-wallets,dynomighty,http://im6.ybndc.com/upload/291156/ProductRear635041570018859512.jpg,799,,Women,http://www.yebhi.com/291156/PD/dynomighty-unisex-purses-and-wallets.htm,yebhi.com,Dynomighty Unisex - Purses and Wallets Buy Online,Dynomighty Unisex - Purses and Wallets  Best Price Rs 799.00  EMI Rs 133 for 6 months FREE Shipping in 2 Days,None,<div class="product_detail_columns tinyscrl" itemprop="description" style=""><div class="scrollbar" style="width:2px; height:250px; background:#9E9E9E;"><div class="track" style="width:2px;"><div class="thumb" style="width:6px;"><div class="end"> </div></div></div></div><div class="viewport" style=" height:250px; width:252px; font-family:Arial !important;"><div class="overview" style="text-align:justify; display:block;"><div>This wallet will cheer you up every time you look at it. This in vogue and trendy wallet is crafted from <b>polyester</b> material that makes it <b>tear-resistant  water-resistant and expandable</b>. This <b>slim  lightweight and water resistant features</b>  you can take these cool wallets anywhere. This makes a great "night out" wallet for a slender silhouette. From the house of <b> Dynomighty</b>  this is a must addition to your collection.<b>Features</b><br><ul style="margin-left: 20px;"><li type="disc"> Colour: Blue</li></ul></br><li type="disc">Number of Compartments: 1</li><li type="disc"> Material: Polyester</li><li type="disc"> Closure: Flap Style</li><li type="disc"> Pockets: 3</li><li type="disc"> Occasion: Casual</li><br><b>Care Tips</b><br>Wipe with clean dry cloth to remove dust. Do not machine wash. </br></br></div></div></div> </div>,,17:04:2014,
291165,dynomighty unisex purses and wallets,http://www.yebhi.com/online-shopping/lifestyle/women.html?affint=women-topmenu,599,Accessories,purses-and-wallets,dynomighty,http://im6.ybndc.com/upload/291165/ProductRear635041573465389605.jpg,599,,Women,http://www.yebhi.com/291165/PD/dynomighty-unisex-purses-and-wallets.htm,yebhi.com,Dynomighty Unisex - Purses and Wallets Buy Online,Dynomighty Unisex - Purses and Wallets  Best Price Rs 599.00  EMI Rs 100 for 6 months FREE Shipping in 2 Days,None,<div class="product_detail_columns tinyscrl" itemprop="description" style=""><div class="scrollbar" style="width:2px; height:250px; background:#9E9E9E;"><div class="track" style="width:2px;"><div class="thumb" style="width:6px;"><div class="end"> </div></div></div></div><div class="viewport" style=" height:250px; width:252px; font-family:Arial !important;"><div class="overview" style="text-align:justify; display:block;"><div>This <b>mini wallet</b> in a <b>diamond plate design</b> made out of <b>polyester</b> is <b>water and stain resistant</b> yet <b>writable and long lasting</b>. Designed to become a best selling  this <b>ultra slim front pocket wallet</b> from the house of <b>Dynomighty</b> is a must in your collection. It lets you carry all your cards and cash in an organized way.<b>Features</b><br><ul style="margin-left: 20px;"><li type="disc"> Colour: Grey</li></ul></br><li type="disc"> Closure: Flap Style</li><li type="disc">Material: Polyester </li><li type="disc"> Compartments: 1</li><li type="disc"> Pockets: 8</li><li type="disc"> Occasion: Casual</li><br><b>Care Tips</b><br>Wipe with clean dry cloth to remove dust. Do not machine wash.  </br></br></div></div></div> </div>,,17:04:2014,
166402,dynomighty unisex purses and wallets,http://www.yebhi.com/online-shopping/lifestyle/women.html?affint=women-topmenu,799,Accessories,purses-and-wallets,dynomighty,http://im6.ybndc.com/upload/166402/ProductRear635046774835908236.jpg,799,,Women,http://www.yebhi.com/166402/PD/dynomighty-unisex-purses-and-wallets.htm,yebhi.com,Dynomighty Unisex - Purses and Wallets Buy Online,Dynomighty Unisex - Purses and Wallets  Best Price Rs 799.00  EMI Rs 133 for 6 months FREE Shipping in 2 Days,None,<div class="product_detail_columns tinyscrl" itemprop="description" style=""><div class="scrollbar" style="width:2px; height:250px; background:#9E9E9E;"><div class="track" style="width:2px;"><div class="thumb" style="width:6px;"><div class="end"> </div></div></div></div><div class="viewport" style=" height:250px; width:252px; font-family:Arial !important;"><div class="overview" style="text-align:justify; display:block;"><div>This wallet features original <b>60's inspired illustration</b> of the designer's mother and is crafted out of <b>polyester</b> that makes it <b>tear-resistant  water-resistant  expandable</b> and <b>recyclable</b>. It features <b>multiple pockets</b> and <b>compartments</b> and lets you organize your cash and cards in the most stylish way. This makes great wallet for a slender silhouette is brought to you by <b>Dynomighty</b> and is a must addition in your collection.<br/><br/><b>Features</b><br/><ul style="margin-left: 20px;"><li type="disc"> Colour: Blue  White<br/></li><li type="disc"> For: Men  Women<br/></li><li type="disc"> Material: Polyester <br/></li><li type="disc"> Closure: Flap Style <br/></li><li type="disc"> Number of Compartments: 2<br/></li><li type="disc"> Usage: Casual  Formal<br/></li></ul><br/><b>Care Tips</b><br/>Wipe with clean dry cloth to remove dust<br/> Do not machine wash. </div></div></div> </div>,,17:04:2014,
291153,dynomighty unisex purses and wallets,http://www.yebhi.com/online-shopping/lifestyle/women.html?affint=women-topmenu,799,Accessories,purses-and-wallets,dynomighty,http://im6.ybndc.com/upload/291153/ProductRear635041568827635876.jpg,799,,Women,http://www.yebhi.com/291153/PD/dynomighty-unisex-purses-and-wallets.htm,yebhi.com,Dynomighty Unisex - Purses and Wallets Buy Online,Dynomighty Unisex - Purses and Wallets  Best Price Rs 799.00  EMI Rs 133 for 6 months FREE Shipping in 2 Days,None,<div class="product_detail_columns tinyscrl" itemprop="description" style=""><div class="scrollbar" style="width:2px; height:250px; background:#9E9E9E;"><div class="track" style="width:2px;"><div class="thumb" style="width:6px;"><div class="end"> </div></div></div></div><div class="viewport" style=" height:250px; width:252px; font-family:Arial !important;"><div class="overview" style="text-align:justify; display:block;"><div>Do not flaunt your classy taste  but also gather a sense of exclusive style that this wallet brings to you. This stylish piece is crafted from <b>polyester</b> material that makes it <b>tear-resistant  water-resistant and expandable</b>. This <b>slim  lightweight and water resistant features</b>  you can take these cool wallets anywhere. They make great "night out" wallets for a slender silhouette. From the house of <b> Dynomighty</b>  this is a must addition to your collection.<b>Features</b><br><ul style="margin-left: 20px;"><li type="disc"> Colour: Green</li></ul></br><li type="disc">Number of Compartments: 1 </li><li type="disc"> Material: Polyester</li><li type="disc"> Closure: Flap Style</li><li type="disc"> Pockets: 3</li><li type="disc"> Occasion: Casual</li><br><b>Care Tips</b><br>Wipe with clean dry cloth to remove dust. Do not machine wash. </br></br></div></div></div> </div>,,17:04:2014,
291146,dynomighty unisex purses and wallets,http://www.yebhi.com/online-shopping/lifestyle/women.html?affint=women-topmenu,799,Accessories,purses-and-wallets,dynomighty,http://im6.ybndc.com/upload/291146/ProductRear635041566447060616.jpg,799,,Women,http://www.yebhi.com/291146/PD/dynomighty-unisex-purses-and-wallets.htm,yebhi.com,Dynomighty Unisex - Purses and Wallets Buy Online,Dynomighty Unisex - Purses and Wallets  Best Price Rs 799.00  EMI Rs 133 for 6 months FREE Shipping in 2 Days,None,<div class="product_detail_columns tinyscrl" itemprop="description" style=""><div class="scrollbar" style="width:2px; height:250px; background:#9E9E9E;"><div class="track" style="width:2px;"><div class="thumb" style="width:6px;"><div class="end"> </div></div></div></div><div class="viewport" style=" height:250px; width:252px; font-family:Arial !important;"><div class="overview" style="text-align:justify; display:block;"><div>This wallet brings you the all-time greatest cartoon family <b>"The Simpsons"</b> right next to you every time. This in vogue and trendy wallet is crafted from <b>polyester</b> material that makes it <b>tear-resistant  water-resistant and expandable</b>. This <b>slim  lightweight and water resistant features</b>  you can take these cool wallets anywhere. This makes a great "night out" wallet for a slender silhouette. From the house of <b> Dynomighty</b>  this is a must addition to your collection.<b>Features</b><br><ul style="margin-left: 20px;"><li type="disc"> Colour: Multicolour</li></ul></br><li type="disc">Number of Compartments: 1 </li><li type="disc"> Material: Polyester</li><li type="disc"> Closure: Flap Style</li><li type="disc"> Pockets: 3</li><li type="disc"> Occasion: Casual</li><br><b>Care Tips</b><br>Wipe with clean dry cloth to remove dust. Do not machine wash. </br></br></div></div></div> </div>,,17:04:2014,
291161,dynomighty unisex purses and wallets,http://www.yebhi.com/online-shopping/lifestyle/women.html?affint=women-topmenu,799,Accessories,purses-and-wallets,dynomighty,http://im6.ybndc.com/upload/291161/ProductRear635041571012585882.jpg,799,,Women,http://www.yebhi.com/291161/PD/dynomighty-unisex-purses-and-wallets.htm,yebhi.com,Dynomighty Unisex - Purses and Wallets Buy Online,Dynomighty Unisex - Purses and Wallets  Best Price Rs 799.00  EMI Rs 133 for 6 months FREE Shipping in 2 Days,None,<div class="product_detail_columns tinyscrl" itemprop="description" style=""><div class="scrollbar" style="width:2px; height:250px; background:#9E9E9E;"><div class="track" style="width:2px;"><div class="thumb" style="width:6px;"><div class="end"> </div></div></div></div><div class="viewport" style=" height:250px; width:252px; font-family:Arial !important;"><div class="overview" style="text-align:justify; display:block;"><div>This wallet in a blend of<b> cool colours in bold stripes</b> adds style to your look and lets you organize all your cash and cards in the most stylish way. This in vogue and trendy wallet is crafted from <b>polyester</b> material that makes it <b>tear-resistant  water-resistant and expandable</b>. This <b>slim  lightweight and water resistant features</b>  you can take these cool wallets anywhere. This makes a great "night out" wallet for a slender silhouette. From the house of <b> Dynomighty</b>  this is a must addition to your collection.<b>Features</b><br><ul style="margin-left: 20px;"><li type="disc"> Colour: Multicolour</li></ul></br><li type="disc">Number of Compartments: 1 </li><li type="disc"> Material: Polyester</li><li type="disc"> Closure: Flap Style</li><li type="disc"> Pockets: 3</li><li type="disc"> Occasion: Casual</li><br><b>Care Tips</b><br>Wipe with clean dry cloth to remove dust. Do not machine wash. </br></br></div></div></div> </div>,,17:04:2014,
166427,dynomighty red unisex purses and wallets,http://www.yebhi.com/online-shopping/lifestyle/women.html?affint=women-topmenu,799,Accessories,purses-and-wallets,dynomighty,http://im6.ybndc.com/upload/166427/ProductRear635046779084595471.jpg,799,,Women,http://www.yebhi.com/166427/PD/dynomighty-red-unisex-purses-and-wallets.htm,yebhi.com,Dynomighty Red Unisex - Purses and Wallets Buy Online,Dynomighty Red Unisex - Purses and Wallets  Best Price Rs 799.00  EMI Rs 133 for 6 months FREE Shipping in 2 Days,None,<div class="product_detail_columns tinyscrl" itemprop="description" style=""><div class="scrollbar" style="width:2px; height:250px; background:#9E9E9E;"><div class="track" style="width:2px;"><div class="thumb" style="width:6px;"><div class="end"> </div></div></div></div><div class="viewport" style=" height:250px; width:252px; font-family:Arial !important;"><div class="overview" style="text-align:justify; display:block;"><div>This wallet features <b> peace in a style that will keep your eye on the future </b>and is crafted out of <b>polyester</b> that makes it <b>tear-resistant  water-resistant  expandable</b> and <b>recyclable</b>. It features <b>multiple pockets</b> and <b>compartments</b> and lets you organize your cash and cards in the most stylish way. This makes great wallet for a slender silhouette is brought to you by <b>Dynomighty</b> and is a must addition in your collection.<br/><br/><b>Features</b><br/><ul style="margin-left: 20px;"><li type="disc"> Colour: Red  Blue  Yellow<br/></li><li type="disc"> For: Men  Women<br/></li><li type="disc"> Material: Polyester <br/></li><li type="disc"> Closure: Flap Style <br/></li><li type="disc"> Number of Compartments: 2<br/></li><li type="disc"> Usage: Casual  Formal<br/></li></ul><br/><b>Care Tips</b><br/>Wipe with clean dry cloth to remove dust<br/> Do not machine wash. </div></div></div> </div>,,17:04:2014,
166425,dynomighty green unisex purses and wallets,http://www.yebhi.com/online-shopping/lifestyle/women.html?affint=women-topmenu,799,Accessories,purses-and-wallets,dynomighty,http://im6.ybndc.com/upload/166425/ProductRear635046778207557849.jpg,799,,Women,http://www.yebhi.com/166425/PD/dynomighty-green-unisex-purses-and-wallets.htm,yebhi.com,Dynomighty Green Unisex - Purses and Wallets Buy Online,Dynomighty Green Unisex - Purses and Wallets  Best Price Rs 799.00  EMI Rs 133 for 6 months FREE Shipping in 2 Days,None,<div class="product_detail_columns tinyscrl" itemprop="description" style=""><div class="scrollbar" style="width:2px; height:250px; background:#9E9E9E;"><div class="track" style="width:2px;"><div class="thumb" style="width:6px;"><div class="end"> </div></div></div></div><div class="viewport" style=" height:250px; width:252px; font-family:Arial !important;"><div class="overview" style="text-align:justify; display:block;"><div>This wallet features <b> beautiful passport stamps from around the world and evokes the traveler in all of us </b>and is crafted out of <b>polyester</b> that makes it <b>tear-resistant  water-resistant  expandable</b> and <b>recyclable</b>. It features <b>multiple pockets</b> and <b>compartments</b> and lets you organize your cash and cards in the most stylish way. This makes great wallet for a slender silhouette is brought to you by <b>Dynomighty</b> and is a must addition in your collection.<br/><br/><b>Features</b><br/><ul style="margin-left: 20px;"><li type="disc"> Colour: Multicolour<br/></li><li type="disc"> For: Men  Women<br/></li><li type="disc"> Material: Polyester <br/></li><li type="disc"> Closure: Flap Style <br/></li><li type="disc"> Number of Compartments: 2<br/></li><li type="disc"> Usage: Casual  Formal<br/></li></ul><br/><b>Care Tips</b><br/>Wipe with clean dry cloth to remove dust<br/> Do not machine wash. </div></div></div> </div>,,17:04:2014,
291147,dynomighty unisex purses and wallets,http://www.yebhi.com/online-shopping/lifestyle/women.html?affint=women-topmenu,799,Accessories,purses-and-wallets,dynomighty,http://im6.ybndc.com/upload/291147/ProductRear635041567157021167.jpg,799,,Women,http://www.yebhi.com/291147/PD/dynomighty-unisex-purses-and-wallets.htm,yebhi.com,Dynomighty Unisex - Purses and Wallets Buy Online,Dynomighty Unisex - Purses and Wallets  Best Price Rs 799.00  EMI Rs 133 for 6 months FREE Shipping in 2 Days,None,<div class="product_detail_columns tinyscrl" itemprop="description" style=""><div class="scrollbar" style="width:2px; height:250px; background:#9E9E9E;"><div class="track" style="width:2px;"><div class="thumb" style="width:6px;"><div class="end"> </div></div></div></div><div class="viewport" style=" height:250px; width:252px; font-family:Arial !important;"><div class="overview" style="text-align:justify; display:block;"><div>Roll in style with this <b>skateboard printed</b> wallet that will let you carry all your cash and cards in an organized way. This in vogue and trendy wallet is crafted from <b>polyester</b> material that makes it <b>tear-resistant  water-resistant and expandable</b>. This <b>slim  lightweight and water resistant features</b>  you can take these cool wallets anywhere. This makes a great "night out" wallet for a slender silhouette. From the house of <b> Dynomighty</b>  this is a must addition to your collection.<b>Features</b><br><ul style="margin-left: 20px;"><li type="disc"> Colour: Black  White</li></ul></br><li type="disc">Number of Compartments: 1 </li><li type="disc"> Material: Polyester</li><li type="disc"> Closure: Flap Style</li><li type="disc"> Pockets: 3</li><li type="disc"> Occasion: Casual</li><br><b>Care Tips</b><br>Wipe with clean dry cloth to remove dust. Do not machine wash. </br></br></div></div></div> </div>,,17:04:2014,
